month,aircraft_total,air_cargo_kt
1980-01,6501,
1980-02,6112,
1980-03,6391,
1980-04,6247,
1980-05,6301,
1980-06,6094,
1980-07,6279,
1980-08,6553,
1980-09,6245,
1980-10,6461,
1980-11,6326,
1980-12,6461,
1981-01,6294,
1981-02,5784,
1981-03,6258,
1981-04,5752,
1981-05,5872,
1981-06,5757,
1981-07,6009,
1981-08,6069,
1981-09,5849,
1981-10,5944,
1981-11,5755,
1981-12,6022,
1982-01,5958,
1982-02,5375,
1982-03,5921,
1982-04,5638,
1982-05,5590,
1982-06,5545,
1982-07,5738,
1982-08,5777,
1982-09,5641,
1982-10,5754,
1982-11,5457,
1982-12,5765,
1983-01,5671,
1983-02,5282,
1983-03,5649,
1983-04,5484,
1983-05,5685,
1983-06,5498,
1983-07,5658,
1983-08,5828,
1983-09,5674,
1983-10,5815,
1983-11,5556,
1983-12,5794,
1984-01,5746,
1984-02,5512,
1984-03,5795,
1984-04,5702,
1984-05,5932,
1984-06,5875,
1984-07,5998,
1984-08,6112,
1984-09,5902,
1984-10,5988,
1984-11,5925,
1984-12,6187,
1985-01,6108,
1985-02,5688,
1985-03,6181,
1985-04,6061,
1985-05,6157,
1985-06,6104,
1985-07,6147,
1985-08,6374,
1985-09,6139,
1985-10,6137,
1985-11,5932,
1985-12,6195,
1986-01,6127,
1986-02,5696,
1986-03,6212,
1986-04,6045,
1986-05,6268,
1986-06,6049,
1986-07,6247,
1986-08,6358,
1986-09,6003,
1986-10,6039,
1986-11,5863,
1986-12,6115,
1987-01,6161,
1987-02,5619,
1987-03,6340,
1987-04,6113,
1987-05,6422,
1987-06,6288,
1987-07,6508,
1987-08,6763,
1987-09,6320,
1987-10,6464,
1987-11,6392,
1987-12,6886,
1988-01,6729,
1988-02,6516,
1988-03,6727,
1988-04,6698,
1988-05,6975,
1988-06,6856,
1988-07,7147,
1988-08,7240,
1988-09,6792,
1988-10,7048,
1988-11,7069,
1988-12,7133,
1989-01,6952,
1989-02,6516,
1989-03,7145,
1989-04,7190,
1989-05,7365,
1989-06,7209,
1989-07,7342,
1989-08,7343,
1989-09,7260,
1989-10,7562,
1989-11,7593,
1989-12,7944,
1990-01,8070,
1990-02,7358,
1990-03,8130,
1990-04,7891,
1990-05,8250,
1990-06,7930,
1990-07,8123,
1990-08,8214,
1990-09,8009,
1990-10,8337,
1990-11,8433,
1990-12,8930,
1991-01,8615,
1991-02,7883,
1991-03,8600,
1991-04,8572,
1991-05,9015,
1991-06,8981,
1991-07,9198,
1991-08,9303,
1991-09,9033,
1991-10,9455,
1991-11,9733,
1991-12,10340,
1992-01,10196,
1992-02,9736,
1992-03,10093,
1992-04,10001,
1992-05,10475,
1992-06,10222,
1992-07,10703,
1992-08,10741,
1992-09,10415,
1992-10,10752,
1992-11,10804,
1992-12,11388,
1993-01,11322,
1993-02,10020,
1993-03,11192,
1993-04,11181,
1993-05,11544,
1993-06,11308,
1993-07,11681,
1993-08,11702,
1993-09,11235,
1993-10,11729,
1993-11,11592,
1993-12,12256,
1994-01,11985,
1994-02,11212,
1994-03,12091,
1994-04,11797,
1994-05,12175,
1994-06,11920,
1994-07,12241,
1994-08,12242,
1994-09,11941,
1994-10,12413,
1994-11,12363,
1994-12,12954,
1995-01,12818,
1995-02,11755,
1995-03,13002,
1995-04,12806,
1995-05,13047,
1995-06,12773,
1995-07,13195,
1995-08,13237,
1995-09,12785,
1995-10,13303,
1995-11,13461,
1995-12,14152,
1996-01,13768,
1996-02,13259,
1996-03,13823,
1996-04,13606,
1996-05,14165,
1996-06,13790,
1996-07,14150,
1996-08,14094,
1996-09,13588,
1996-10,14091,
1996-11,13857,
1996-12,14558,
1997-01,14380,
1997-02,13299,
1997-03,14593,
1997-04,14138,
1997-05,14667,
1997-06,14319,
1997-07,14700,
1997-08,14634,
1997-09,14161,
1997-10,14505,
1997-11,14354,
1997-12,14922,
1998-01,14684,
1998-02,12882,
1998-03,14033,
1998-04,13560,
1998-05,14287,
1998-06,13431,
1998-07,13782,
1998-08,13706,
1998-09,13348,
1998-10,13957,
1998-11,13601,
1998-12,13971,
1999-01,13831,
1999-02,12675,
1999-03,14001,
1999-04,13604,
1999-05,14044,
1999-06,13796,
1999-07,14089,
1999-08,14008,
1999-09,13605,
1999-10,14080,
1999-11,13780,
1999-12,14448,
2000-01,14152,120874
2000-02,13648,122269
2000-03,14517,147184
2000-04,14189,137465
2000-05,14523,137665
2000-06,14324,140090
2000-07,14726,146688
2000-08,14796,144776
2000-09,14401,148364
2000-10,14941,149912
2000-11,14601,145841
2000-12,15138,141361
2001-01,15253,115847
2001-02,13699,123132
2001-03,15284,137646
2001-04,14893,120744
2001-05,15503,120527
2001-06,15092,122891
2001-07,15393,121135
2001-08,15377,127929
2001-09,14818,128242
2001-10,14898,130741
2001-11,14302,130234
2001-12,14848,127995
2002-01,14563,119374
2002-02,13227,115464
2002-03,14587,146873
2002-04,14187,134568
2002-05,14784,134925
2002-06,14299,141246
2002-07,14796,138535
2002-08,14867,138618
2002-09,14420,138893
2002-10,15050,147325
2002-11,14666,145988
2002-12,15374,135989
2003-01,15268,126841
2003-02,13977,115585
2003-03,15254,145295
2003-04,11780,129669
2003-05,9555,125909
2003-06,9859,127175
2003-07,11727,130797
2003-08,12377,132846
2003-09,12498,141322
2003-10,13422,150641
2003-11,14005,143868
2003-12,14624,141458
2004-01,14695,123962
2004-02,13481,136378
2004-03,14724,156032
2004-04,14768,142513
2004-05,15490,147718
2004-06,15273,149699
2004-07,15809,151494
2004-08,15850,147398
2004-09,15569,155802
2004-10,16352,161287
2004-11,16094,149297
2004-12,16828,153512
2005-01,16666,141661
2005-02,15010,127491
2005-03,16649,155423
2005-04,16813,150066
2005-05,17431,145267
2005-06,17201,149872
2005-07,17523,154830
2005-08,17400,152381
2005-09,16834,160194
2005-10,17371,170118
2005-11,17324,160357
2005-12,17916,166062
2006-01,17780,146325
2006-02,16043,140176
2006-03,18164,176349
2006-04,17672,157340
2006-05,17962,154678
2006-06,17561,155230
2006-07,18018,158262
2006-08,17992,157096
2006-09,17625,165053
2006-10,18398,162502
2006-11,18022,172463
2006-12,18987,165740
2007-01,18452,143599
2007-02,16661,136561
2007-03,18611,168518
2007-04,18021,154124
2007-05,18561,150215
2007-06,18177,157843
2007-07,18622,158940
2007-08,18643,161586
2007-09,18194,164422
2007-10,18950,164386
2007-11,18515,169881
2007-12,19339,164691
2008-01,18868,154828
2008-02,18104,142358
2008-03,19370,169380
2008-04,18884,158041
2008-05,19590,160119
2008-06,19103,159065
2008-07,19697,162776
2008-08,19673,162918
2008-09,19009,160899
2008-10,19664,151278
2008-11,19193,145815
2008-12,20771,129462
2009-01,20373,116961
2009-02,17615,112418
2009-03,19559,132369
2009-04,19625,126293
2009-05,19711,133442
2009-06,19071,132492
2009-07,20264,141541
2009-08,20495,140818
2009-09,20115,140790
2009-10,20986,154377
2009-11,20661,152567
2009-12,21885,149726
2010-01,21502,141060
2010-02,19617,130578
2010-03,21604,157211
2010-04,21303,146849
2010-05,22151,153098
2010-06,21833,149827
2010-07,22593,158199
2010-08,22368,154513
2010-09,21923,151055
2010-10,22488,162408
2010-11,22372,153180
2010-12,23839,155832
2011-01,24000,147224
2011-02,22013,128048
2011-03,24403,166148
2011-04,24266,155812
2011-05,24994,157286
2011-06,25059,153208
2011-07,25908,160120
2011-08,25708,153120
2011-09,25513,154359
2011-10,26270,163114
2011-11,25923,160206
2011-12,27654,166607
2012-01,27584,136843
2012-02,24903,143903
2012-03,26981,163170
2012-04,26410,148243
2012-05,26990,152884
2012-06,26662,153330
2012-07,27093,157172
2012-08,27381,150753
2012-09,26526,155834
2012-10,27641,153625
2012-11,27593,156346
2012-12,28958,157018
2013-01,28203,144774
2013-02,25939,130244
2013-03,28423,171922
2013-04,27544,150135
2013-05,28451,152193
2013-06,28283,155106
2013-07,28955,158874
2013-08,29613,149873
2013-09,28441,151815
2013-10,29485,156336
2013-11,29505,160007
2013-12,30923,156423
2014-01,30353,150308
2014-02,26764,126759
2014-03,29141,169749
2014-04,28358,151069
2014-05,28933,157499
2014-06,28130,154729
2014-07,28205,155017
2014-08,28356,156030
2014-09,27024,147780
2014-10,28380,159695
2014-11,28031,156535
2014-12,29711,158629
2015-01,28780,151814
2015-02,26491,135965
2015-03,28793,162660
2015-04,28256,153448
2015-05,29042,157046
2015-06,28531,151304
2015-07,29412,147527
2015-08,29606,151647
2015-09,28464,155058
2015-10,29610,162495
2015-11,28729,160482
2015-12,30621,163639
2016-01,30145,157859
2016-02,28518,136096
2016-03,30125,171182
2016-04,29460,164531
2016-05,30221,157513
2016-06,29345,163070
2016-07,30793,161446
2016-08,30257,163146
2016-09,29330,167102
2016-10,30614,176958
2016-11,29708,173174
2016-12,31974,177355
2017-01,31596,158691
2017-02,28032,146866
2017-03,30916,188626
2017-04,30569,171716
2017-05,31197,177336
2017-06,30915,172040
2017-07,31908,179550
2017-08,31747,180594
2017-09,30492,183559
2017-10,31733,185829
2017-11,31140,191677
2017-12,32956,188742
2018-01,32486,175594
2018-02,29701,148934
2018-03,32585,187547
2018-04,31990,179411
2018-05,32332,180488
2018-06,31874,170551
2018-07,32706,183337
2018-08,32888,183756
2018-09,31395,184707
2018-10,32759,189786
2018-11,31909,189150
2018-12,33417,181618
2019-01,32729,171304
2019-02,29894,136504
2019-03,32371,184764
2019-04,31454,156480
2019-05,31671,171756
2019-06,31391,161880
2019-07,32389,170226
2019-08,32364,169032
2019-09,31179,170234
2019-10,31958,169689
2019-11,31598,177532
2019-12,33344,174697
2020-01,33435,156865
2020-02,26231,146828
2020-03,16223,149444
2020-04,3865,95838
2020-05,4472,103122
2020-06,4779,111665
2020-07,5247,118912
2020-08,5562,120115
2020-09,5623,124524
2020-10,5890,129083
2020-11,6572,140030
2020-12,7525,147676
2021-01,7495,145957
2021-02,6707,123914
2021-03,8103,157387
2021-04,8166,155141
2021-05,8702,159727
2021-06,8821,160959
2021-07,9400,163550
2021-08,9294,165475
2021-09,9427,171303
2021-10,10185,182035
2021-11,10441,177416
2021-12,12151,183824
2022-01,12175,169465
2022-02,10852,136794
2022-03,13172,151989
2022-04,15055,152296
2022-05,17109,153450
2022-06,18380,163290
2022-07,20275,163274
2022-08,20433,152653
2022-09,20430,154133
2022-10,21784,152297
2022-11,23651,150754
2022-12,25352,152562
2023-01,25176,133497
2023-02,22856,130936
2023-03,26088,152482
2023-04,26301,140893
2023-05,27571,142117
2023-06,27522,135471
2023-07,28870,148810
2023-08,28922,148770
2023-09,27839,153785
2023-10,28708,152676
2023-11,28003,150215
2023-12,30436,150575
2024-01,30127,156142
2024-02,28822,143078
2024-03,30409,176067
2024-04,29098,158109
2024-05,30123,170471
2024-06,30059,157297
2024-07,30964,173896
2024-08,31180,166479
2024-09,29930,172046
2024-10,31329,177714
2024-11,30787,172793
2024-12,33155,170761
2025-01,33104,159763
2025-02,29238,143108
2025-03,31624,177401
2025-04,31031,167499
2025-05,31672,176032
2025-06,30927,172680
2025-07,31281,179512
2025-08,30764,177333
2025-09,29549,174298
2025-10,31213,182196
2025-11,30648,189564
2025-12,32910,184434
2026-01,32726,170966
2026-02,30223,157684
2026-03,32356,188142
2026-04,30875,189052
2026-05,30766,190326
2026-06,30741,187290
2026-07,31498,192596
