month,airfield_pairdiff,airfield_stock_bright,east_cargo_pairdiff,east_cargo_stock_bright,pax_t123_pairdiff,pax_t123_stock_bright,pax_t4_pairdiff,pax_t4_stock_bright,west_cargo_pairdiff,west_cargo_stock_bright,aircraft_total,air_cargo_kt
2019-01,,1118.0,,1606.0,,1298.0,,1256.0,,834.0,32729,171304.0
2019-02,,1510.0,,1810.0,,,4956987.0,2764.0,,1518.0,29894,136504.0
2019-03,,1552.0,,1872.0,17363182.0,1742.0,,2647.0,2636798.0,1600.0,32371,184764.0
2019-04,98354762.0,1474.0,2085559.0,1786.0,5781973.0,1862.0,,1587.0,2119035.0,1510.0,31454,156480.0
2019-05,4123063.0,1469.0,,,637817.0,1723.0,248806.0,1701.0,197722.0,1603.0,31671,171756.0
2019-06,,1477.0,,2828.0,44640708.0,1688.0,,1579.0,,1540.0,31391,161880.0
2019-07,,,,1854.0,,,1463350.0,1556.0,,,32389,170226.0
2019-08,28595316.0,1596.0,1248252.0,1636.0,4637154.0,1885.0,1961583.0,1938.0,1697988.0,1669.0,32364,169032.0
2019-09,67107954.0,1786.0,1492843.0,1880.0,,2060.0,3914503.0,2406.0,1143495.0,1728.0,31179,170234.0
2019-10,35475852.0,1594.0,,1866.0,,1958.0,2179431.0,3518.0,2181780.0,1704.0,31958,169689.0
2019-11,28404580.0,1500.0,,1714.0,,1740.0,1836748.0,2680.0,1722189.0,1563.0,31598,177532.0
2019-12,25832232.0,1190.0,1316315.0,1592.0,4416517.0,1660.0,1638042.0,1730.0,1584075.0,1448.0,33344,174697.0
2020-01,47137818.0,1356.0,1687739.5,1588.0,5027606.0,1605.0,3961528.5,2132.0,1981271.0,1440.0,33435,156865.0
2020-02,45791380.0,1344.0,,1656.0,,1704.0,4756969.5,2406.0,2087764.0,1628.0,26231,146828.0
2020-03,,1426.0,,1736.0,,1776.0,,2710.0,,1578.0,16223,149444.0
2020-04,161207328.0,1424.0,5004195.0,1851.0,,2168.0,4153048.0,2504.0,,1581.0,3865,95838.0
2020-05,48035248.0,1126.0,,1529.0,,1724.0,,1677.0,,1536.5,4472,103122.0
2020-08,,,,980.0,,2008.0,,,,1704.0,5562,120115.0
2020-09,,,,2034.0,,,,2075.0,,,5623,124524.0
2020-10,,1432.0,,1733.0,,1940.0,,1824.0,,,5890,129083.0
2020-11,28803536.0,1107.0,,1538.0,,1698.0,,1892.0,,1506.0,6572,140030.0
2020-12,,1410.0,,,,,,,1763477.0,1341.0,7525,147676.0
2021-01,,,,1776.0,,,,2260.0,,1835.0,7495,145957.0
2021-02,42401384.0,1751.0,,,,1960.0,2949517.0,3180.0,2500375.0,1437.0,6707,123914.0
2021-03,,1448.0,,1606.0,,1722.0,,2986.0,,1588.0,8103,157387.0
2021-04,34194748.0,1194.0,1705712.0,1465.0,5975628.0,1698.0,1938623.0,2248.0,2127865.0,1449.0,8166,155141.0
2021-05,38954464.0,1186.0,1905953.0,1470.0,6840934.0,1659.0,2284815.0,2228.0,2429263.0,1444.0,8702,159727.0
2021-06,18761310.0,1378.0,914225.5,1438.0,2924066.0,1762.0,1087041.0,2322.0,1122257.0,1498.0,8821,160959.0
2021-07,,1561.0,,1660.0,4903691.0,1788.0,3501414.0,2212.0,1560350.0,1649.0,9400,163550.0
2021-08,,1404.0,,,,,200944.0,1766.0,,,9294,165475.0
2021-09,8824710.0,1398.0,408209.0,1550.0,1647724.0,1764.0,456508.0,1814.0,522604.0,1584.0,9427,171303.0
2021-10,,,,,,,,1464.0,,,10185,182035.0
2021-11,,1246.0,,1488.0,,1710.0,,1322.0,,1465.0,10441,177416.0
2021-12,26252223.5,1186.0,828035.5,1516.0,2913393.0,1644.0,1953883.0,1472.0,883557.5,1460.0,12151,183824.0
2022-01,,1263.0,,1529.0,,1618.0,,2039.0,,1438.0,12175,169465.0
2022-02,,2260.0,,2498.0,,2754.0,,2354.0,,2494.0,10852,136794.0
2022-03,79515960.0,1344.0,3447317.0,1576.0,10794723.0,1832.0,3255066.0,1422.0,4091522.0,1617.0,13172,151989.0
2022-04,,1350.0,,1586.0,,1900.0,,1406.0,,1528.0,15055,152296.0
2022-05,,1258.0,,1471.0,,1619.0,,1134.0,,1374.0,17109,153450.0
2022-06,,1254.0,,1474.0,,1630.0,,1314.0,,1444.0,18380,163290.0
2022-07,,1352.0,,1396.0,,1788.0,,1474.0,,1390.0,20275,163274.0
2022-08,,,,1796.0,,,,,,,20433,152653.0
2022-10,,1356.0,,1510.0,,1766.0,,1604.0,,1462.0,21784,152297.0
2022-11,,1036.0,,1430.0,,1426.0,,1554.0,,1340.0,23651,150754.0
2022-12,,,,,,,,1648.0,,,25352,152562.0
2023-01,,,,,,,,1590.0,,,25176,133497.0
2023-02,,1520.0,,1617.0,,1820.0,5746322.0,1592.0,,1466.0,22856,130936.0
2023-03,,1298.0,,1508.0,,1586.0,,,,1376.0,26088,152482.0
2023-04,,1162.0,,1476.0,,1550.0,,1372.0,,1322.0,26301,140893.0
2023-05,85282688.0,1296.0,1631385.0,1472.0,3974032.0,1576.0,3011471.0,1438.0,2580387.0,1392.0,27571,142117.0
2023-06,177913184.0,1118.5,3162218.0,1221.0,,1592.0,3251045.0,1301.0,2737794.0,1286.0,27522,135471.0
2023-07,,1120.0,,1428.0,,1552.0,,1420.0,,1304.0,28870,148810.0
2023-09,59086160.0,1258.0,2127527.0,1555.0,5145543.0,1630.0,2480108.0,1397.0,2142782.0,1430.0,27839,153785.0
2023-10,19289618.0,1236.0,1141028.0,1380.0,2662278.0,1332.0,1340712.0,1456.0,1047852.0,1142.0,28708,152676.0
2023-11,,1220.0,,1421.0,,1642.0,,1650.0,,1379.0,28003,150215.0
2023-12,,1302.0,,1620.0,,1762.0,,1368.0,,1474.0,30436,150575.0
2024-01,,,,,,1888.0,,,,908.0,30127,156142.0
2024-02,125744088.0,1218.0,,1654.0,4564995.0,1658.0,,1272.0,2941585.0,1488.0,28822,143078.0
2024-04,,1614.0,,1786.0,,,,1798.0,,1580.0,29098,158109.0
2024-05,,1176.0,4814293.0,1730.0,,1798.0,,1213.0,5430379.0,1491.0,30123,170471.0
2024-06,,,,,,,,1498.0,,,30059,157297.0
2024-07,,1450.0,,1790.0,7744330.0,1654.0,,1532.0,,,30964,173896.0
2024-08,,1209.0,,1554.0,12932008.0,1349.0,,1631.0,4215903.0,1342.0,31180,166479.0
2024-11,,0.0,,0.0,,0.0,,0.0,,0.0,30787,172793.0
2025-01,,1212.0,,1440.0,,1560.0,,,,1374.0,33104,159763.0
2025-02,,1259.0,,1446.0,,1637.0,,1572.0,,1396.0,29238,143108.0
2025-03,,1206.0,,1558.0,,1732.0,,1390.0,,1466.0,31624,177401.0
2025-04,106289048.0,859.5,7698640.0,909.0,15680699.0,1353.0,5490964.0,1004.0,9149308.0,955.5,31031,167499.0
2025-05,,,,,,,,1382.0,,,31672,176032.0
2025-06,,1052.0,,1412.0,,1520.0,,1208.0,,1366.0,30927,172680.0
2025-07,41558724.0,1116.0,1290989.0,1400.0,3500183.0,1530.0,4258012.0,1494.0,1218482.0,1384.0,31281,179512.0
2025-08,,1132.0,,1438.0,,1560.0,,1636.0,,1400.0,30764,177333.0
2025-09,,1198.0,,1454.0,,1552.0,,1488.0,,1378.0,29549,174298.0
2025-10,,1366.0,,1562.0,,1630.0,,1754.0,,1524.0,31213,182196.0
2025-12,,1241.0,,1537.0,,1647.0,,1650.0,,2233.0,32910,184434.0
2026-01,,1444.0,,1614.0,,1736.0,,2216.0,,1376.0,32726,170966.0
2026-02,,1345.5,2178181.0,1550.0,,1572.0,3213853.0,1954.0,2036981.0,1466.0,30223,157684.0
2026-03,,1302.5,,1548.5,,1613.0,,2200.5,,1468.0,32356,188142.0
2026-04,103014944.0,1316.0,,1594.5,,1794.5,,1679.5,2124778.0,1599.0,30875,189052.0
2026-05,,1338.5,3697880.0,1525.0,,1601.0,4946125.0,1853.0,,1495.0,30766,190326.0
2026-06,,1232.0,,1488.0,,1648.0,,1809.0,,1364.0,30741,187290.0
2026-07,,1192.0,,1500.0,,1458.0,,,,1467.0,31498,192596.0
