month,scene,zone,occupancy,cloud,status
2019-01,S2B_48NUG_20190106_0_L2A,west_cargo,,0.6848484848484848,CLOUDY
2019-01,S2B_48NUG_20190106_0_L2A,east_cargo,,0.8120968723378362,CLOUDY
2019-01,S2B_48NUG_20190106_0_L2A,pax_t123,,0.7959867523865186,CLOUDY
2019-01,S2B_48NUG_20190106_0_L2A,pax_t4,,0.38356538356538356,CLOUDY
2019-01,S2A_48NUG_20190101_0_L2A,west_cargo,0.08242424242424243,0.0,OK
2019-01,S2A_48NUG_20190101_0_L2A,east_cargo,0.08494584398198857,0.0,OK
2019-01,S2A_48NUG_20190101_0_L2A,pax_t123,0.06647184882135204,0.26136762127410873,OK
2019-01,S2A_48NUG_20190101_0_L2A,pax_t4,0.08126308126308127,0.16734916734916735,OK
2019-01,S2A_48NUG_20190131_0_L2A,west_cargo,,1.0,CLOUDY
2019-01,S2A_48NUG_20190131_0_L2A,east_cargo,,1.0,CLOUDY
2019-01,S2A_48NUG_20190131_0_L2A,pax_t123,,0.9033703487239431,CLOUDY
2019-01,S2A_48NUG_20190131_0_L2A,pax_t4,,0.8476658476658476,CLOUDY
2019-02,S2B_48NUG_20190225_0_L2A,west_cargo,0.08404040404040404,0.18515151515151515,OK
2019-02,S2B_48NUG_20190225_0_L2A,east_cargo,0.09589874650115614,0.2772301326518194,OK
2019-02,S2B_48NUG_20190225_0_L2A,pax_t123,,0.3553087862848237,CLOUDY
2019-02,S2B_48NUG_20190225_0_L2A,pax_t4,0.054873054873054876,0.036309036309036306,OK
2019-02,S2A_48NUG_20190220_0_L2A,west_cargo,,0.4264646464646465,CLOUDY
2019-02,S2A_48NUG_20190220_0_L2A,east_cargo,,0.6860167944505294,CLOUDY
2019-02,S2A_48NUG_20190220_0_L2A,pax_t123,,0.5937658289499318,CLOUDY
2019-02,S2A_48NUG_20190220_0_L2A,pax_t4,0.049413049413049415,0.07316407316407317,OK
2019-02,S2A_48NUG_20190210_0_L2A,west_cargo,,0.9576767676767677,CLOUDY
2019-02,S2A_48NUG_20190210_0_L2A,east_cargo,,0.5521479858829257,CLOUDY
2019-02,S2A_48NUG_20190210_0_L2A,pax_t123,,0.9729592830703292,CLOUDY
2019-02,S2A_48NUG_20190210_0_L2A,pax_t4,0.03931203931203931,0.1485121485121485,OK
2019-03,S2B_48NUG_20190327_0_L2A,west_cargo,0.08161616161616161,0.028585858585858586,OK
2019-03,S2B_48NUG_20190327_0_L2A,east_cargo,,0.33807959109163926,CLOUDY
2019-03,S2B_48NUG_20190327_0_L2A,pax_t123,0.07216052990453925,0.18414182739138904,OK
2019-03,S2B_48NUG_20190327_0_L2A,pax_t4,,0.3458913458913459,CLOUDY
2019-03,S2A_48NUG_20190302_0_L2A,west_cargo,0.08424242424242424,0.19686868686868686,OK
2019-03,S2A_48NUG_20190302_0_L2A,east_cargo,0.09103078982597054,0.2733357673116709,OK
2019-03,S2A_48NUG_20190302_0_L2A,pax_t123,0.06818624586012079,0.23463861289694135,OK
2019-03,S2A_48NUG_20190302_0_L2A,pax_t4,0.03731003731003731,0.02293202293202293,OK
2019-03,S2B_48NUG_20190317_0_L2A,west_cargo,0.08585858585858586,0.0024242424242424242,OK
2019-03,S2B_48NUG_20190317_0_L2A,east_cargo,0.07764390896921017,0.012413289521723256,OK
2019-03,S2B_48NUG_20190317_0_L2A,pax_t123,0.04328852522891097,0.14003506721215664,OK
2019-03,S2B_48NUG_20190317_0_L2A,pax_t4,0.04095004095004095,0.005824005824005824,OK
2019-04,S2B_48NUG_20190406_0_L2A,west_cargo,0.07656565656565656,0.04929292929292929,OK
2019-04,S2B_48NUG_20190406_0_L2A,east_cargo,0.09127418765972983,0.10295728368017525,OK
2019-04,S2B_48NUG_20190406_0_L2A,pax_t123,0.061094876290668225,0.1497759594778882,OK
2019-04,S2B_48NUG_20190406_0_L2A,pax_t4,0.09882609882609883,0.23842023842023843,OK
2019-04,S2B_48NUG_20190406_1_L2A,west_cargo,0.07525252525252525,0.0,OK
2019-04,S2B_48NUG_20190406_1_L2A,east_cargo,0.0939515638310819,0.0,OK
2019-04,S2B_48NUG_20190406_1_L2A,pax_t123,0.05906877069939606,0.09982466393921684,OK
2019-04,S2B_48NUG_20190406_1_L2A,pax_t4,,0.3533533533533533,CLOUDY
2019-04,S2B_48NUG_20190416_0_L2A,west_cargo,0.08141414141414141,0.2497979797979798,OK
2019-04,S2B_48NUG_20190416_0_L2A,east_cargo,,0.354387245953511,CLOUDY
2019-04,S2B_48NUG_20190416_0_L2A,pax_t123,,0.3083576855639977,CLOUDY
2019-04,S2B_48NUG_20190416_0_L2A,pax_t4,0.07653107653107653,0.06388206388206388,OK
2019-05,S2B_48NUG_20190506_0_L2A,west_cargo,0.07636363636363637,0.2693939393939394,OK
2019-05,S2B_48NUG_20190506_0_L2A,east_cargo,,0.3619325788000487,CLOUDY
2019-05,S2B_48NUG_20190506_0_L2A,pax_t123,0.05922462497564777,0.2938632378725891,OK
2019-05,S2B_48NUG_20190506_0_L2A,pax_t4,0.0839020839020839,0.09227409227409228,OK
2019-05,S2B_48NUG_20190506_1_L2A,west_cargo,0.07555555555555556,0.2677777777777778,OK
2019-05,S2B_48NUG_20190506_1_L2A,east_cargo,,0.3614457831325301,CLOUDY
2019-05,S2B_48NUG_20190506_1_L2A,pax_t123,0.05934151568283655,0.2896551724137931,OK
2019-05,S2B_48NUG_20190506_1_L2A,pax_t4,0.08262808262808263,0.09227409227409228,OK
2019-05,S2B_48NUG_20190526_0_L2A,west_cargo,,0.7853535353535354,CLOUDY
2019-05,S2B_48NUG_20190526_0_L2A,east_cargo,,0.7098697821589388,CLOUDY
2019-05,S2B_48NUG_20190526_0_L2A,pax_t123,,0.6329631794272356,CLOUDY
2019-05,S2B_48NUG_20190526_0_L2A,pax_t4,,0.913913913913914,CLOUDY
2019-06,S2A_48NUG_20190610_0_L2A,west_cargo,0.08747474747474747,0.24484848484848484,OK
2019-06,S2A_48NUG_20190610_0_L2A,east_cargo,,0.383108190337106,CLOUDY
2019-06,S2A_48NUG_20190610_0_L2A,pax_t123,0.0655367231638418,0.22840444184687317,OK
2019-06,S2A_48NUG_20190610_0_L2A,pax_t4,0.06988806988806989,0.07844207844207844,OK
2019-06,S2B_48NUG_20190625_0_L2A,west_cargo,,0.38515151515151513,CLOUDY
2019-06,S2B_48NUG_20190625_0_L2A,east_cargo,,0.8260922477789948,CLOUDY
2019-06,S2B_48NUG_20190625_0_L2A,pax_t123,0.06861484511981297,0.0451198129748685,OK
2019-06,S2B_48NUG_20190625_0_L2A,pax_t4,,0.48666848666848667,CLOUDY
2019-06,S2B_48NUG_20190605_0_L2A,west_cargo,,0.4313131313131313,CLOUDY
2019-06,S2B_48NUG_20190605_0_L2A,east_cargo,0.08555433856638676,0.140197152245345,OK
2019-06,S2B_48NUG_20190605_0_L2A,pax_t123,0.10266900448081044,0.21020845509448666,OK
2019-06,S2B_48NUG_20190605_0_L2A,pax_t4,0.07525707525707526,0.03330603330603331,OK
2019-07,S2B_48NUG_20190705_0_L2A,west_cargo,,0.6476767676767676,CLOUDY
2019-07,S2B_48NUG_20190705_0_L2A,east_cargo,,0.3852987708409395,CLOUDY
2019-07,S2B_48NUG_20190705_0_L2A,pax_t123,,0.8038184297681668,CLOUDY
2019-07,S2B_48NUG_20190705_0_L2A,pax_t4,0.09782509782509782,0.23532623532623534,OK
2019-07,S2B_48NUG_20190705_1_L2A,west_cargo,,0.847979797979798,CLOUDY
2019-07,S2B_48NUG_20190705_1_L2A,east_cargo,0.08263356456127541,0.21589387854448094,OK
2019-07,S2B_48NUG_20190705_1_L2A,pax_t123,,0.9676212741087084,CLOUDY
2019-07,S2B_48NUG_20190705_1_L2A,pax_t4,0.09755209755209755,0.28555828555828555,OK
2019-07,S2A_48NUG_20190720_0_L2A,west_cargo,,0.5754545454545454,CLOUDY
2019-07,S2A_48NUG_20190720_0_L2A,east_cargo,,0.7887306802969454,CLOUDY
2019-07,S2A_48NUG_20190720_0_L2A,pax_t123,,0.6016364699006429,CLOUDY
2019-07,S2A_48NUG_20190720_0_L2A,pax_t4,0.07125307125307126,0.2833742833742834,OK
2019-08,S2A_48NUG_20190819_0_L2A,west_cargo,0.08353535353535353,0.23353535353535354,OK
2019-08,S2A_48NUG_20190819_0_L2A,east_cargo,0.1083120360228794,0.2485091882682244,OK
2019-08,S2A_48NUG_20190819_0_L2A,pax_t123,0.06171829339567504,0.28123904149620105,OK
2019-08,S2A_48NUG_20190819_0_L2A,pax_t4,0.06479206479206479,0.043498043498043495,OK
2019-08,S2A_48NUG_20190819_1_L2A,west_cargo,0.08303030303030302,0.0,OK
2019-08,S2A_48NUG_20190819_1_L2A,east_cargo,0.10782524035536084,0.029207740051113547,OK
2019-08,S2A_48NUG_20190819_1_L2A,pax_t123,0.06000389635690629,0.050808494058055716,OK
2019-08,S2A_48NUG_20190819_1_L2A,pax_t4,0.06015106015106015,0.0,OK
2019-08,S2B_48NUG_20190814_0_L2A,west_cargo,,0.7719191919191919,CLOUDY
2019-08,S2B_48NUG_20190814_0_L2A,east_cargo,,0.3088718510405257,CLOUDY
2019-08,S2B_48NUG_20190814_0_L2A,pax_t123,,0.7107344632768362,CLOUDY
2019-08,S2B_48NUG_20190814_0_L2A,pax_t4,0.07007007007007007,0.1314041314041314,OK
2019-09,S2A_48NUG_20190908_0_L2A,west_cargo,0.0797979797979798,0.22818181818181818,OK
2019-09,S2A_48NUG_20190908_0_L2A,east_cargo,0.08713642448582208,0.29256419617865403,OK
2019-09,S2A_48NUG_20190908_0_L2A,pax_t123,,0.37311513734658097,CLOUDY
2019-09,S2A_48NUG_20190908_0_L2A,pax_t4,0.05014105014105014,0.11284011284011285,OK
2019-09,S2A_48NUG_20190908_1_L2A,west_cargo,0.07797979797979798,0.0,OK
2019-09,S2A_48NUG_20190908_1_L2A,east_cargo,0.08981380065717415,0.0,OK
2019-09,S2A_48NUG_20190908_1_L2A,pax_t123,,0.4175336060783168,CLOUDY
2019-09,S2A_48NUG_20190908_1_L2A,pax_t4,0.04914004914004914,0.0,OK
2019-09,S2A_48NUG_20190928_1_L2A,west_cargo,0.08787878787878788,0.0,OK
2019-09,S2A_48NUG_20190928_1_L2A,east_cargo,0.08445904831447,0.007058537179019107,OK
2019-09,S2A_48NUG_20190928_1_L2A,pax_t123,0.06764075589323983,0.15336060783167738,OK
2019-09,S2A_48NUG_20190928_1_L2A,pax_t4,0.050687050687050685,0.0,OK
2019-10,S2B_48NUG_20191013_0_L2A,west_cargo,0.06424242424242424,0.21444444444444444,OK
2019-10,S2B_48NUG_20191013_0_L2A,east_cargo,,0.32858707557502737,CLOUDY
2019-10,S2B_48NUG_20191013_0_L2A,pax_t123,,0.33828170660432494,CLOUDY
2019-10,S2B_48NUG_20191013_0_L2A,pax_t4,0.029666029666029665,0.080990080990081,OK
2019-10,S2B_48NUG_20191013_1_L2A,west_cargo,0.06484848484848485,0.0052525252525252525,OK
2019-10,S2B_48NUG_20191013_1_L2A,east_cargo,0.08531094073262747,0.0,OK
2019-10,S2B_48NUG_20191013_1_L2A,pax_t123,0.07309565556204949,0.19053185271770895,OK
2019-10,S2B_48NUG_20191013_1_L2A,pax_t4,0.02912002912002912,0.0,OK
2019-10,S2A_48NUG_20191008_0_L2A,west_cargo,,0.9036363636363637,CLOUDY
2019-10,S2A_48NUG_20191008_0_L2A,east_cargo,,0.4704880126566874,CLOUDY
2019-10,S2A_48NUG_20191008_0_L2A,pax_t123,,0.5398792129359049,CLOUDY
2019-10,S2A_48NUG_20191008_0_L2A,pax_t4,0.024752024752024752,0.17763217763217765,OK
2019-11,S2A_48NUG_20191117_0_L2A,west_cargo,0.08272727272727273,0.2312121212121212,OK
2019-11,S2A_48NUG_20191117_0_L2A,east_cargo,,0.34319094560058416,CLOUDY
2019-11,S2A_48NUG_20191117_0_L2A,pax_t123,,0.3307227742061173,CLOUDY
2019-11,S2A_48NUG_20191117_0_L2A,pax_t4,0.02993902993902994,0.06315406315406315,OK
2019-11,S2A_48NUG_20191117_1_L2A,west_cargo,0.08040404040404041,0.0,OK
2019-11,S2A_48NUG_20191117_1_L2A,east_cargo,0.0893270049896556,0.0,OK
2019-11,S2A_48NUG_20191117_1_L2A,pax_t123,0.07348529125267875,0.21842976816676407,OK
2019-11,S2A_48NUG_20191117_1_L2A,pax_t4,0.031486031486031484,0.0,OK
2019-11,S2B_48NUG_20191122_0_L2A,west_cargo,,0.5112121212121212,CLOUDY
2019-11,S2B_48NUG_20191122_0_L2A,east_cargo,,0.3714250943166606,CLOUDY
2019-11,S2B_48NUG_20191122_0_L2A,pax_t123,,0.40787064095071107,CLOUDY
2019-11,S2B_48NUG_20191122_0_L2A,pax_t4,0.05214305214305214,0.18063518063518064,OK
2019-12,S2A_48NUG_20191227_0_L2A,west_cargo,0.07757575757575758,0.16737373737373737,OK
2019-12,S2A_48NUG_20191227_0_L2A,east_cargo,0.09626384325179506,0.2796641109894122,OK
2019-12,S2A_48NUG_20191227_0_L2A,pax_t123,0.06670563023572959,0.24850964348334306,OK
2019-12,S2A_48NUG_20191227_0_L2A,pax_t4,0.05951405951405951,0.18473018473018474,OK
2019-12,S2A_48NUG_20191227_1_L2A,west_cargo,0.07808080808080808,0.0,OK
2019-12,S2A_48NUG_20191227_1_L2A,east_cargo,0.09468175733235974,0.0,OK
2019-12,S2A_48NUG_20191227_1_L2A,pax_t123,0.06518605104227547,0.0,OK
2019-12,S2A_48NUG_20191227_1_L2A,pax_t4,0.057967057967057964,0.15178815178815178,OK
2019-12,S2B_48NUG_20191212_0_L2A,west_cargo,0.08171717171717172,0.0,OK
2019-12,S2B_48NUG_20191212_0_L2A,east_cargo,0.09857612267250822,0.01582085919435317,OK
2019-12,S2B_48NUG_20191212_0_L2A,pax_t123,0.06280927332943698,0.0017143970387687511,OK
2019-12,S2B_48NUG_20191212_0_L2A,pax_t4,0.06752206752206752,0.21184821184821184,OK
2020-01,S2A_48NUG_20200106_0_L2A,west_cargo,0.08333333333333333,0.00040404040404040404,OK
2020-01,S2A_48NUG_20200106_0_L2A,east_cargo,0.09602044541803578,0.0009735913350371182,OK
2020-01,S2A_48NUG_20200106_0_L2A,pax_t123,0.07352425482174167,0.0015585427625170465,OK
2020-01,S2A_48NUG_20200106_0_L2A,pax_t4,0.05469105469105469,0.002002002002002002,OK
2020-01,S2A_48NUG_20200106_1_L2A,west_cargo,0.0811111111111111,0.0,OK
2020-01,S2A_48NUG_20200106_1_L2A,east_cargo,0.09468175733235974,0.0,OK
2020-01,S2A_48NUG_20200106_1_L2A,pax_t123,0.07110851353984025,0.0,OK
2020-01,S2A_48NUG_20200106_1_L2A,pax_t4,0.056511056511056514,0.0,OK
2020-01,S2A_48NUG_20200126_0_L2A,west_cargo,0.081010101010101,0.04101010101010101,OK
2020-01,S2A_48NUG_20200126_0_L2A,east_cargo,0.09188268224412803,0.027990750882317148,OK
2020-01,S2A_48NUG_20200126_0_L2A,pax_t123,,0.3037989479836353,CLOUDY
2020-01,S2A_48NUG_20200126_0_L2A,pax_t4,0.037128037128037125,0.06515606515606516,OK
2020-02,S2A_48NUG_20200225_0_L2A,west_cargo,0.07858585858585859,0.2639393939393939,OK
2020-02,S2A_48NUG_20200225_0_L2A,east_cargo,,0.35511743945478885,CLOUDY
2020-02,S2A_48NUG_20200225_0_L2A,pax_t123,,0.30687706993960645,CLOUDY
2020-02,S2A_48NUG_20200225_0_L2A,pax_t4,0.02993902993902994,0.1406861406861407,OK
2020-02,S2A_48NUG_20200225_1_L2A,west_cargo,0.07787878787878788,0.0,OK
2020-02,S2A_48NUG_20200225_1_L2A,east_cargo,0.0963855421686747,0.0,OK
2020-02,S2A_48NUG_20200225_1_L2A,pax_t123,0.07122540424702903,0.0,OK
2020-02,S2A_48NUG_20200225_1_L2A,pax_t4,0.026026026026026026,0.004368004368004368,OK
2020-02,S2A_48NUG_20200205_0_L2A,west_cargo,0.08070707070707071,0.25181818181818183,OK
2020-02,S2A_48NUG_20200205_0_L2A,east_cargo,,0.34562492393817695,CLOUDY
2020-02,S2A_48NUG_20200205_0_L2A,pax_t123,,0.3159166179622053,CLOUDY
2020-02,S2A_48NUG_20200205_0_L2A,pax_t4,0.044044044044044044,0.06479206479206479,OK
2020-03,S2B_48NUG_20200321_1_L2A,west_cargo,,0.6343434343434343,CLOUDY
2020-03,S2B_48NUG_20200321_1_L2A,east_cargo,,0.33272483874893516,CLOUDY
2020-03,S2B_48NUG_20200321_1_L2A,pax_t123,,0.6414962010520163,CLOUDY
2020-03,S2B_48NUG_20200321_1_L2A,pax_t4,,0.5372645372645373,CLOUDY
2020-03,S2B_48NUG_20200321_3_L2A,west_cargo,,0.9311111111111111,CLOUDY
2020-03,S2B_48NUG_20200321_3_L2A,east_cargo,,0.6305220883534136,CLOUDY
2020-03,S2B_48NUG_20200321_3_L2A,pax_t123,,1.0,CLOUDY
2020-03,S2B_48NUG_20200321_3_L2A,pax_t4,,0.9807079807079807,CLOUDY
2020-03,S2B_48NUG_20200311_0_L2A,west_cargo,0.07808080808080808,0.04686868686868687,OK
2020-03,S2B_48NUG_20200311_0_L2A,east_cargo,0.09249117682852623,0.056955093099671415,OK
2020-03,S2B_48NUG_20200311_0_L2A,pax_t123,0.07262809273329437,0.07442041691018897,OK
2020-03,S2B_48NUG_20200311_0_L2A,pax_t4,0.036946036946036945,0.018564018564018563,OK
2020-04,S2B_48NUG_20200420_0_L2A,west_cargo,,0.5982828282828283,CLOUDY
2020-04,S2B_48NUG_20200420_0_L2A,east_cargo,0.10855543385663867,0.2794207131556529,OK
2020-04,S2B_48NUG_20200420_0_L2A,pax_t123,,0.41928696668614845,CLOUDY
2020-04,S2B_48NUG_20200420_0_L2A,pax_t4,0.06306306306306306,0.11866411866411866,OK
2020-04,S2B_48NUG_20200420_1_L2A,west_cargo,,0.8928282828282829,CLOUDY
2020-04,S2B_48NUG_20200420_1_L2A,east_cargo,,0.500669344042838,CLOUDY
2020-04,S2B_48NUG_20200420_1_L2A,pax_t123,,0.5211377362166374,CLOUDY
2020-04,S2B_48NUG_20200420_1_L2A,pax_t4,0.06151606151606152,0.2640822640822641,OK
2020-04,S2B_48NUG_20200410_0_L2A,west_cargo,0.08292929292929294,0.0034343434343434343,OK
2020-04,S2B_48NUG_20200410_0_L2A,east_cargo,0.0927345746622855,0.007788730680296945,OK
2020-04,S2B_48NUG_20200410_0_L2A,pax_t123,0.08977206312098188,0.13200857198519383,OK
2020-04,S2B_48NUG_20200410_0_L2A,pax_t4,0.04713804713804714,0.01710801710801711,OK
2020-05,S2A_48NUG_20200525_0_L2A,west_cargo,0.0794949494949495,0.024242424242424242,OK
2020-05,S2A_48NUG_20200525_0_L2A,east_cargo,0.09869782158938785,0.028964342217354267,OK
2020-05,S2A_48NUG_20200525_0_L2A,pax_t123,0.07001753360607832,0.051743619715565944,OK
2020-05,S2A_48NUG_20200525_0_L2A,pax_t4,0.07725907725907726,0.06788606788606788,OK
2020-05,S2A_48NUG_20200505_0_L2A,west_cargo,,0.35,CLOUDY
2020-05,S2A_48NUG_20200505_0_L2A,east_cargo,,0.38700255567725445,CLOUDY
2020-05,S2A_48NUG_20200505_0_L2A,pax_t123,,0.41106565361387104,CLOUDY
2020-05,S2A_48NUG_20200505_0_L2A,pax_t4,,0.3384293384293384,CLOUDY
2020-05,S2B_48NUG_20200530_0_L2A,west_cargo,0.08202020202020202,0.026060606060606062,OK
2020-05,S2B_48NUG_20200530_0_L2A,east_cargo,0.09492515516611902,0.012656687355482536,OK
2020-05,S2B_48NUG_20200530_0_L2A,pax_t123,0.07243327488797974,0.03046951100720826,OK
2020-05,S2B_48NUG_20200530_0_L2A,pax_t4,0.06988806988806989,0.048594048594048596,OK
2020-06,S2B_48NUG_20200609_0_L2A,west_cargo,,1.0,CLOUDY
2020-06,S2B_48NUG_20200609_0_L2A,east_cargo,,0.9376901545576244,CLOUDY
2020-06,S2B_48NUG_20200609_0_L2A,pax_t123,,0.9144360023378142,CLOUDY
2020-06,S2B_48NUG_20200609_0_L2A,pax_t4,,0.686959686959687,CLOUDY
2020-06,S2B_48NUG_20200609_1_L2A,west_cargo,,1.0,CLOUDY
2020-06,S2B_48NUG_20200609_1_L2A,east_cargo,,1.0,CLOUDY
2020-06,S2B_48NUG_20200609_1_L2A,pax_t123,,1.0,CLOUDY
2020-06,S2B_48NUG_20200609_1_L2A,pax_t4,,0.8969878969878969,CLOUDY
2020-06,S2B_48NUG_20200619_0_L2A,west_cargo,,0.9903030303030304,CLOUDY
2020-06,S2B_48NUG_20200619_0_L2A,east_cargo,,0.9868565169769989,CLOUDY
2020-06,S2B_48NUG_20200619_0_L2A,pax_t123,,0.9897136177673875,CLOUDY
2020-06,S2B_48NUG_20200619_0_L2A,pax_t4,,0.9965419965419965,CLOUDY
2020-07,S2A_48NUG_20200704_0_L2A,west_cargo,,0.5811111111111111,CLOUDY
2020-07,S2A_48NUG_20200704_0_L2A,east_cargo,,0.5296336862601922,CLOUDY
2020-07,S2A_48NUG_20200704_0_L2A,pax_t123,,0.7495032144944477,CLOUDY
2020-07,S2A_48NUG_20200704_0_L2A,pax_t4,,0.37965237965237963,CLOUDY
2020-07,S2A_48NUG_20200704_1_L2A,west_cargo,,0.9281818181818182,CLOUDY
2020-07,S2A_48NUG_20200704_1_L2A,east_cargo,,0.7927467445539734,CLOUDY
2020-07,S2A_48NUG_20200704_1_L2A,pax_t123,,0.9481784531463082,CLOUDY
2020-07,S2A_48NUG_20200704_1_L2A,pax_t4,,0.6798616798616799,CLOUDY
2020-08,S2B_48NUG_20200828_0_L2A,west_cargo,,0.8336363636363636,CLOUDY
2020-08,S2B_48NUG_20200828_0_L2A,east_cargo,,0.7995618838992333,CLOUDY
2020-08,S2B_48NUG_20200828_0_L2A,pax_t123,,0.43339177868692774,CLOUDY
2020-08,S2B_48NUG_20200828_0_L2A,pax_t4,,0.7075257075257075,CLOUDY
2020-08,S2B_48NUG_20200828_1_L2A,west_cargo,,0.9664646464646465,CLOUDY
2020-08,S2B_48NUG_20200828_1_L2A,east_cargo,,0.9460873798223196,CLOUDY
2020-08,S2B_48NUG_20200828_1_L2A,pax_t123,,0.594233391778687,CLOUDY
2020-08,S2B_48NUG_20200828_1_L2A,pax_t4,,0.9486759486759486,CLOUDY
2020-08,S2B_48NUG_20200818_0_L2A,west_cargo,0.0693939393939394,0.03272727272727273,OK
2020-08,S2B_48NUG_20200818_0_L2A,east_cargo,0.09711573566995253,0.14457831325301204,OK
2020-08,S2B_48NUG_20200818_0_L2A,pax_t123,0.06530294174946426,0.021663744398986946,OK
2020-08,S2B_48NUG_20200818_0_L2A,pax_t4,,0.45672945672945675,CLOUDY
2020-09,S2B_48NUG_20200917_0_L2A,west_cargo,,0.8016161616161617,CLOUDY
2020-09,S2B_48NUG_20200917_0_L2A,east_cargo,,0.9616648411829135,CLOUDY
2020-09,S2B_48NUG_20200917_0_L2A,pax_t123,,0.6492499512955386,CLOUDY
2020-09,S2B_48NUG_20200917_0_L2A,pax_t4,0.06761306761306761,0.25006825006825006,OK
2020-09,S2A_48NUG_20200902_0_L2A,west_cargo,,0.7450505050505051,CLOUDY
2020-09,S2A_48NUG_20200902_0_L2A,east_cargo,0.1190215407082877,0.2872094438359499,OK
2020-09,S2A_48NUG_20200902_0_L2A,pax_t123,,0.3553087862848237,CLOUDY
2020-09,S2A_48NUG_20200902_0_L2A,pax_t4,0.04759304759304759,0.05405405405405406,OK
2020-09,S2B_48NUG_20200917_1_L2A,west_cargo,,1.0,CLOUDY
2020-09,S2B_48NUG_20200917_1_L2A,east_cargo,,1.0,CLOUDY
2020-09,S2B_48NUG_20200917_1_L2A,pax_t123,,0.966725112020261,CLOUDY
2020-09,S2B_48NUG_20200917_1_L2A,pax_t4,,0.9148239148239148,CLOUDY
2020-10,S2B_48NUG_20201027_1_L2A,west_cargo,,0.4867676767676768,CLOUDY
2020-10,S2B_48NUG_20201027_1_L2A,east_cargo,0.07533162954849702,0.19593525617622004,OK
2020-10,S2B_48NUG_20201027_1_L2A,pax_t123,,0.5764270407169296,CLOUDY
2020-10,S2B_48NUG_20201027_1_L2A,pax_t4,0.05369005369005369,0.0,OK
2020-10,S2A_48NUG_20201002_0_L2A,west_cargo,,0.51010101010101,CLOUDY
2020-10,S2A_48NUG_20201002_0_L2A,east_cargo,0.08068638189120117,0.28696604600219056,OK
2020-10,S2A_48NUG_20201002_0_L2A,pax_t123,0.061952074810052604,0.27874537307617375,OK
2020-10,S2A_48NUG_20201002_0_L2A,pax_t4,,0.34316134316134317,CLOUDY
2020-11,S2B_48NUG_20201116_0_L2A,west_cargo,,0.31292929292929295,CLOUDY
2020-11,S2B_48NUG_20201116_0_L2A,east_cargo,,0.304734087866618,CLOUDY
2020-11,S2B_48NUG_20201116_0_L2A,pax_t123,,0.3306448470679914,CLOUDY
2020-11,S2B_48NUG_20201116_0_L2A,pax_t4,,0.4973154973154973,CLOUDY
2020-11,S2B_48NUG_20201116_1_L2A,west_cargo,0.0708080808080808,0.0,OK
2020-11,S2B_48NUG_20201116_1_L2A,east_cargo,0.0767920165510527,0.0,OK
2020-11,S2B_48NUG_20201116_1_L2A,pax_t123,0.06440677966101695,0.0003117085525034093,OK
2020-11,S2B_48NUG_20201116_1_L2A,pax_t4,0.055692055692055695,0.06424606424606424,OK
2020-12,S2B_48NUG_20201226_0_L2A,west_cargo,0.06535353535353536,0.09696969696969697,OK
2020-12,S2B_48NUG_20201226_0_L2A,east_cargo,,0.5262261165875624,CLOUDY
2020-12,S2B_48NUG_20201226_0_L2A,pax_t123,,0.5048899279173973,CLOUDY
2020-12,S2B_48NUG_20201226_0_L2A,pax_t4,,0.5143325143325144,CLOUDY
2020-12,S2A_48NUG_20201201_0_L2A,west_cargo,,0.8674747474747475,CLOUDY
2020-12,S2A_48NUG_20201201_0_L2A,east_cargo,,0.8849945235487404,CLOUDY
2020-12,S2A_48NUG_20201201_0_L2A,pax_t123,,0.988934346386129,CLOUDY
2020-12,S2A_48NUG_20201201_0_L2A,pax_t4,,0.6862316862316862,CLOUDY
2020-12,S2B_48NUG_20201226_1_L2A,west_cargo,0.06707070707070707,0.1704040404040404,OK
2020-12,S2B_48NUG_20201226_1_L2A,east_cargo,,0.33406352683461116,CLOUDY
2020-12,S2B_48NUG_20201226_1_L2A,pax_t123,,0.8485096434833431,CLOUDY
2020-12,S2B_48NUG_20201226_1_L2A,pax_t4,,1.0,CLOUDY
2021-01,S2B_48NUG_20210105_1_L2A,west_cargo,0.07101010101010101,0.0,OK
2021-01,S2B_48NUG_20210105_1_L2A,east_cargo,0.07800900571984909,0.0,OK
2021-01,S2B_48NUG_20210105_1_L2A,pax_t123,,0.5754139879212936,CLOUDY
2021-01,S2B_48NUG_20210105_1_L2A,pax_t4,0.06524706524706525,0.003367003367003367,OK
2021-01,S2B_48NUG_20210115_0_L2A,west_cargo,,1.0,CLOUDY
2021-01,S2B_48NUG_20210115_0_L2A,east_cargo,,1.0,CLOUDY
2021-01,S2B_48NUG_20210115_0_L2A,pax_t123,,0.9998441457237482,CLOUDY
2021-01,S2B_48NUG_20210115_0_L2A,pax_t4,,0.975975975975976,CLOUDY
2021-01,S2B_48NUG_20210105_0_L2A,west_cargo,,0.48323232323232324,CLOUDY
2021-01,S2B_48NUG_20210105_0_L2A,east_cargo,,0.3738590726542534,CLOUDY
2021-01,S2B_48NUG_20210105_0_L2A,pax_t123,,0.6527566725112021,CLOUDY
2021-01,S2B_48NUG_20210105_0_L2A,pax_t4,,0.49385749385749383,CLOUDY
2021-02,S2A_48NUG_20210219_0_L2A,west_cargo,0.07747474747474747,0.21393939393939393,OK
2021-02,S2A_48NUG_20210219_0_L2A,east_cargo,,0.4519897772909821,CLOUDY
2021-02,S2A_48NUG_20210219_0_L2A,pax_t123,,0.40553282680693553,CLOUDY
2021-02,S2A_48NUG_20210219_0_L2A,pax_t4,0.024661024661024662,0.14814814814814814,OK
2021-02,S2A_48NUG_20210219_1_L2A,west_cargo,0.07676767676767676,0.05555555555555555,OK
2021-02,S2A_48NUG_20210219_1_L2A,east_cargo,,0.40562248995983935,CLOUDY
2021-02,S2A_48NUG_20210219_1_L2A,pax_t123,0.06354958114163257,0.09133060588349892,OK
2021-02,S2A_48NUG_20210219_1_L2A,pax_t4,0.02620802620802621,0.186004186004186,OK
2021-03,S2B_48NUG_20210316_0_L2A,west_cargo,,0.45686868686868687,CLOUDY
2021-03,S2B_48NUG_20210316_0_L2A,east_cargo,,0.4920287209443836,CLOUDY
2021-03,S2B_48NUG_20210316_0_L2A,pax_t123,,0.6424702902785895,CLOUDY
2021-03,S2B_48NUG_20210316_0_L2A,pax_t4,,0.7686777686777687,CLOUDY
2021-03,S2B_48NUG_20210316_1_L2A,west_cargo,,0.44191919191919193,CLOUDY
2021-03,S2B_48NUG_20210316_1_L2A,east_cargo,,0.40659608129487645,CLOUDY
2021-03,S2B_48NUG_20210316_1_L2A,pax_t123,,0.6231443600233781,CLOUDY
2021-03,S2B_48NUG_20210316_1_L2A,pax_t4,,0.9497679497679498,CLOUDY
2021-03,S2A_48NUG_20210301_0_L2A,west_cargo,0.08252525252525253,0.007272727272727273,OK
2021-03,S2A_48NUG_20210301_0_L2A,east_cargo,0.0767920165510527,0.012656687355482536,OK
2021-03,S2A_48NUG_20210301_0_L2A,pax_t123,0.07235534774985389,0.01897525813364504,OK
2021-03,S2A_48NUG_20210301_0_L2A,pax_t4,0.014378014378014378,0.0637000637000637,OK
2021-04,S2B_48NUG_20210425_0_L2A,west_cargo,0.07252525252525252,0.2206060606060606,OK
2021-04,S2B_48NUG_20210425_0_L2A,east_cargo,0.07642691980041377,0.18133138615066327,OK
2021-04,S2B_48NUG_20210425_0_L2A,pax_t123,0.06292616403662575,0.22505357490746153,OK
2021-04,S2B_48NUG_20210425_0_L2A,pax_t4,0.042042042042042045,0.27873327873327874,OK
2021-04,S2B_48NUG_20210425_1_L2A,west_cargo,0.07292929292929293,0.0,OK
2021-04,S2B_48NUG_20210425_1_L2A,east_cargo,0.07581842521601558,0.0,OK
2021-04,S2B_48NUG_20210425_1_L2A,pax_t123,0.06292616403662575,0.00015585427625170465,OK
2021-04,S2B_48NUG_20210425_1_L2A,pax_t4,0.043316043316043315,0.0,OK
2021-04,S2A_48NUG_20210420_0_L2A,west_cargo,,0.5645454545454546,CLOUDY
2021-04,S2A_48NUG_20210420_0_L2A,east_cargo,,0.6496288183035172,CLOUDY
2021-04,S2A_48NUG_20210420_0_L2A,pax_t123,0.09881161114358075,0.277576466004286,OK
2021-04,S2A_48NUG_20210420_0_L2A,pax_t4,0.037765037765037764,0.16443716443716444,OK
2021-05,S2A_48NUG_20210510_0_L2A,west_cargo,0.07121212121212121,0.12121212121212122,OK
2021-05,S2A_48NUG_20210510_0_L2A,east_cargo,0.07776560788608981,0.09565534866739686,OK
2021-05,S2A_48NUG_20210510_0_L2A,pax_t123,0.06339372686538088,0.18679135008766803,OK
2021-05,S2A_48NUG_20210510_0_L2A,pax_t4,0.04559104559104559,0.085995085995086,OK
2021-05,S2B_48NUG_20210525_0_L2A,west_cargo,0.06818181818181818,0.29858585858585857,OK
2021-05,S2B_48NUG_20210525_0_L2A,east_cargo,0.0737495436290617,0.274309358646708,OK
2021-05,S2B_48NUG_20210525_0_L2A,pax_t123,,0.44800311708552504,CLOUDY
2021-05,S2B_48NUG_20210525_0_L2A,pax_t4,0.03175903175903176,0.17026117026117027,OK
2021-05,S2A_48NUG_20210510_1_L2A,west_cargo,0.07131313131313131,0.0,OK
2021-05,S2A_48NUG_20210510_1_L2A,east_cargo,0.07703541438481197,0.0,OK
2021-05,S2A_48NUG_20210510_1_L2A,pax_t123,0.06304305474381454,0.0,OK
2021-05,S2A_48NUG_20210510_1_L2A,pax_t4,0.04722904722904723,0.0,OK
2021-06,S2B_48NUG_20210614_0_L2A,west_cargo,0.06808080808080808,0.07454545454545454,OK
2021-06,S2B_48NUG_20210614_0_L2A,east_cargo,0.08226846781063649,0.03845685773396617,OK
2021-06,S2B_48NUG_20210614_0_L2A,pax_t123,0.07695304889927918,0.1384765244496396,OK
2021-06,S2B_48NUG_20210614_0_L2A,pax_t4,0.03276003276003276,0.05378105378105378,OK
2021-06,S2B_48NUG_20210614_2_L2A,west_cargo,0.06808080808080808,0.0,OK
2021-06,S2B_48NUG_20210614_2_L2A,east_cargo,0.07849580138736766,0.0,OK
2021-06,S2B_48NUG_20210614_2_L2A,pax_t123,0.07562828755113968,0.09943502824858758,OK
2021-06,S2B_48NUG_20210614_2_L2A,pax_t4,0.03521703521703522,0.0,OK
2021-06,S2B_48NUG_20210614_1_L2A,west_cargo,0.06808080808080808,0.0,OK
2021-06,S2B_48NUG_20210614_1_L2A,east_cargo,0.07849580138736766,0.0,OK
2021-06,S2B_48NUG_20210614_1_L2A,pax_t123,0.07562828755113968,0.09943502824858758,OK
2021-06,S2B_48NUG_20210614_1_L2A,pax_t4,0.03521703521703522,0.0,OK
2021-07,S2A_48NUG_20210729_0_L2A,west_cargo,0.07767676767676768,0.2864646464646465,OK
2021-07,S2A_48NUG_20210729_0_L2A,east_cargo,,0.3849336740903006,CLOUDY
2021-07,S2A_48NUG_20210729_0_L2A,pax_t123,0.07153711279953244,0.26409507110851355,OK
2021-07,S2A_48NUG_20210729_0_L2A,pax_t4,0.03976703976703977,0.14305214305214306,OK
2021-07,S2A_48NUG_20210729_1_L2A,west_cargo,0.07676767676767676,0.13454545454545455,OK
2021-07,S2A_48NUG_20210729_1_L2A,east_cargo,,0.46063040038943653,CLOUDY
2021-07,S2A_48NUG_20210729_1_L2A,pax_t123,0.07126436781609195,0.006779661016949152,OK
2021-07,S2A_48NUG_20210729_1_L2A,pax_t4,0.03749203749203749,0.05132405132405132,OK
2021-07,S2A_48NUG_20210709_0_L2A,west_cargo,,0.4670707070707071,CLOUDY
2021-07,S2A_48NUG_20210709_0_L2A,east_cargo,0.07107216745770963,0.21784106121455518,OK
2021-07,S2A_48NUG_20210709_0_L2A,pax_t123,,0.44445743230079876,CLOUDY
2021-07,S2A_48NUG_20210709_0_L2A,pax_t4,0.03549003549003549,0.16662116662116663,OK
2021-08,S2A_48NUG_20210828_0_L2A,west_cargo,,0.5406060606060606,CLOUDY
2021-08,S2A_48NUG_20210828_0_L2A,east_cargo,,0.5505658999634904,CLOUDY
2021-08,S2A_48NUG_20210828_0_L2A,pax_t123,,0.3333722969023963,CLOUDY
2021-08,S2A_48NUG_20210828_0_L2A,pax_t4,0.08080808080808081,0.1953771953771954,OK
2021-08,S2A_48NUG_20210828_1_L2A,west_cargo,,0.8727272727272727,CLOUDY
2021-08,S2A_48NUG_20210828_1_L2A,east_cargo,,0.7669465741754898,CLOUDY
2021-08,S2A_48NUG_20210828_1_L2A,pax_t123,,0.5371127995324372,CLOUDY
2021-08,S2A_48NUG_20210828_1_L2A,pax_t4,0.080990080990081,0.2716352716352716,OK
2021-08,S2B_48NUG_20210803_0_L2A,west_cargo,,0.5098989898989899,CLOUDY
2021-08,S2B_48NUG_20210803_0_L2A,east_cargo,,0.42424242424242425,CLOUDY
2021-08,S2B_48NUG_20210803_0_L2A,pax_t123,,0.6169491525423729,CLOUDY
2021-08,S2B_48NUG_20210803_0_L2A,pax_t4,,0.6558376558376559,CLOUDY
2021-09,S2A_48NUG_20210917_0_L2A,west_cargo,0.08161616161616161,0.20636363636363636,OK
2021-09,S2A_48NUG_20210917_0_L2A,east_cargo,0.07825240355360838,0.230741146403797,OK
2021-09,S2A_48NUG_20210917_0_L2A,pax_t123,0.06912137151763101,0.2178842781998831,OK
2021-09,S2A_48NUG_20210917_0_L2A,pax_t4,0.07980707980707981,0.13695513695513695,OK
2021-09,S2A_48NUG_20210917_1_L2A,west_cargo,0.0796969696969697,0.016464646464646463,OK
2021-09,S2A_48NUG_20210917_1_L2A,east_cargo,0.07788730680296946,0.0,OK
2021-09,S2A_48NUG_20210917_1_L2A,pax_t123,0.06877069939606469,0.0035846483537892073,OK
2021-09,S2A_48NUG_20210917_1_L2A,pax_t4,0.07725907725907726,0.0,OK
2021-09,S2B_48NUG_20210922_0_L2A,west_cargo,0.09636363636363636,0.0993939393939394,OK
2021-09,S2B_48NUG_20210922_0_L2A,east_cargo,0.09967141292442497,0.0642570281124498,OK
2021-09,S2B_48NUG_20210922_0_L2A,pax_t123,0.08229105786090006,0.05295149035651666,OK
2021-09,S2B_48NUG_20210922_0_L2A,pax_t4,0.08180908180908181,0.25953225953225956,OK
2021-10,S2A_48NUG_20211027_0_L2A,west_cargo,,0.9646464646464646,CLOUDY
2021-10,S2A_48NUG_20211027_0_L2A,east_cargo,,0.8981380065717415,CLOUDY
2021-10,S2A_48NUG_20211027_0_L2A,pax_t123,,0.7521917007597896,CLOUDY
2021-10,S2A_48NUG_20211027_0_L2A,pax_t4,,0.3346983346983347,CLOUDY
2021-10,S2A_48NUG_20211027_1_L2A,west_cargo,,1.0,CLOUDY
2021-10,S2A_48NUG_20211027_1_L2A,east_cargo,,1.0,CLOUDY
2021-10,S2A_48NUG_20211027_1_L2A,pax_t123,,0.7117475160724722,CLOUDY
2021-10,S2A_48NUG_20211027_1_L2A,pax_t4,0.07807807807807808,0.0,OK
2021-10,S2B_48NUG_20211012_0_L2A,west_cargo,,1.0,CLOUDY
2021-10,S2B_48NUG_20211012_0_L2A,east_cargo,,1.0,CLOUDY
2021-10,S2B_48NUG_20211012_0_L2A,pax_t123,,1.0,CLOUDY
2021-10,S2B_48NUG_20211012_0_L2A,pax_t4,,1.0,CLOUDY
2021-11,S2B_48NUG_20211121_0_L2A,west_cargo,,0.6474747474747474,CLOUDY
2021-11,S2B_48NUG_20211121_0_L2A,east_cargo,,0.6770110746014361,CLOUDY
2021-11,S2B_48NUG_20211121_0_L2A,pax_t123,,0.9036820572764466,CLOUDY
2021-11,S2B_48NUG_20211121_0_L2A,pax_t4,,0.3356993356993357,CLOUDY
2021-11,S2B_48NUG_20211121_1_L2A,west_cargo,,0.7111111111111111,CLOUDY
2021-11,S2B_48NUG_20211121_1_L2A,east_cargo,,0.9632469271023488,CLOUDY
2021-11,S2B_48NUG_20211121_1_L2A,pax_t123,,1.0,CLOUDY
2021-11,S2B_48NUG_20211121_1_L2A,pax_t4,,0.5453635453635454,CLOUDY
2021-11,S2A_48NUG_20211116_0_L2A,west_cargo,0.06666666666666667,0.18565656565656566,OK
2021-11,S2A_48NUG_20211116_0_L2A,east_cargo,0.07411464037970063,0.20640136302786904,OK
2021-11,S2A_48NUG_20211116_0_L2A,pax_t123,0.06518605104227547,0.22965127605688682,OK
2021-11,S2A_48NUG_20211116_0_L2A,pax_t4,0.07416507416507416,0.19455819455819456,OK
2021-12,S2B_48NUG_20211201_0_L2A,west_cargo,0.0708080808080808,0.10868686868686869,OK
2021-12,S2B_48NUG_20211201_0_L2A,east_cargo,0.07350614579530242,0.10393087501521237,OK
2021-12,S2B_48NUG_20211201_0_L2A,pax_t123,0.0668614845119813,0.07169296707578414,OK
2021-12,S2B_48NUG_20211201_0_L2A,pax_t4,0.096005096005096,0.08262808262808263,OK
2021-12,S2B_48NUG_20211201_1_L2A,west_cargo,0.0707070707070707,0.0,OK
2021-12,S2B_48NUG_20211201_1_L2A,east_cargo,0.07289765121090422,0.0,OK
2021-12,S2B_48NUG_20211201_1_L2A,pax_t123,0.06639392168322618,0.0,OK
2021-12,S2B_48NUG_20211201_1_L2A,pax_t4,0.09491309491309491,0.0,OK
2021-12,S2B_48NUG_20211221_0_L2A,west_cargo,0.0692929292929293,0.2288888888888889,OK
2021-12,S2B_48NUG_20211221_0_L2A,east_cargo,0.06863818912011684,0.24193744675672388,OK
2021-12,S2B_48NUG_20211221_0_L2A,pax_t123,0.06561465030196766,0.25653613871030584,OK
2021-12,S2B_48NUG_20211221_0_L2A,pax_t4,0.08590408590408591,0.16097916097916098,OK
2022-01,S2A_48NUG_20220115_0_L2A,west_cargo,0.07626262626262627,0.17393939393939395,OK
2022-01,S2A_48NUG_20220115_0_L2A,east_cargo,0.09139588657660946,0.10855543385663867,OK
2022-01,S2A_48NUG_20220115_0_L2A,pax_t123,0.07418663549581142,0.21827391389051237,OK
2022-01,S2A_48NUG_20220115_0_L2A,pax_t4,0.08035308035308035,0.11083811083811083,OK
2022-01,S2A_48NUG_20220105_0_L2A,west_cargo,,0.9753535353535353,CLOUDY
2022-01,S2A_48NUG_20220105_0_L2A,east_cargo,,0.9700620664476086,CLOUDY
2022-01,S2A_48NUG_20220105_0_L2A,pax_t123,,0.6309370738359634,CLOUDY
2022-01,S2A_48NUG_20220105_0_L2A,pax_t4,,0.8254618254618254,CLOUDY
2022-01,S2B_48NUG_20220130_0_L2A,west_cargo,0.07929292929292929,0.0,OK
2022-01,S2B_48NUG_20220130_0_L2A,east_cargo,0.07082876962395035,0.0,OK
2022-01,S2B_48NUG_20220130_0_L2A,pax_t123,0.06810831872199494,0.0,OK
2022-01,S2B_48NUG_20220130_0_L2A,pax_t4,0.07189007189007189,0.0,OK
2022-02,S2B_48NUG_20220219_0_L2A,west_cargo,0.08050505050505051,0.0,OK
2022-02,S2B_48NUG_20220219_0_L2A,east_cargo,0.0713155652914689,0.0,OK
2022-02,S2B_48NUG_20220219_0_L2A,pax_t123,0.05735437366062732,0.07434248977206312,OK
2022-02,S2B_48NUG_20220219_0_L2A,pax_t4,0.098007098007098,0.0,OK
2022-02,S2A_48NUG_20220214_0_L2A,west_cargo,,1.0,CLOUDY
2022-02,S2A_48NUG_20220214_0_L2A,east_cargo,,1.0,CLOUDY
2022-02,S2A_48NUG_20220214_0_L2A,pax_t123,,1.0,CLOUDY
2022-02,S2A_48NUG_20220214_0_L2A,pax_t4,,1.0,CLOUDY
2022-03,S2A_48NUG_20220316_0_L2A,west_cargo,0.08595959595959596,0.0,OK
2022-03,S2A_48NUG_20220316_0_L2A,east_cargo,0.05452111476207862,0.011926493854204698,OK
2022-03,S2A_48NUG_20220316_0_L2A,pax_t123,0.060900058445353594,0.00015585427625170465,OK
2022-03,S2A_48NUG_20220316_0_L2A,pax_t4,0.07516607516607517,0.0,OK
2022-03,S2A_48NUG_20220326_0_L2A,west_cargo,0.07292929292929293,0.0,OK
2022-03,S2A_48NUG_20220326_0_L2A,east_cargo,0.07095046854082998,0.0,OK
2022-03,S2A_48NUG_20220326_0_L2A,pax_t123,0.05622443015780246,0.0974089226573154,OK
2022-03,S2A_48NUG_20220326_0_L2A,pax_t4,0.08526708526708526,0.0,OK
2022-03,S2B_48NUG_20220311_0_L2A,west_cargo,0.0797979797979798,0.0,OK
2022-03,S2B_48NUG_20220311_0_L2A,east_cargo,0.07119386637458927,0.0,OK
2022-03,S2B_48NUG_20220311_0_L2A,pax_t123,0.06830313656730956,0.1840639002532632,OK
2022-03,S2B_48NUG_20220311_0_L2A,pax_t4,0.10592410592410592,0.0,OK
2022-04,S2B_48NUG_20220410_0_L2A,west_cargo,0.07737373737373737,0.0,OK
2022-04,S2B_48NUG_20220410_0_L2A,east_cargo,0.064865522696848,0.0,OK
2022-04,S2B_48NUG_20220410_0_L2A,pax_t123,0.08244691213715176,0.2549775959477888,OK
2022-04,S2B_48NUG_20220410_0_L2A,pax_t4,0.09891709891709892,0.09491309491309491,OK
2022-05,S2B_48NUG_20220530_0_L2A,west_cargo,,1.0,CLOUDY
2022-05,S2B_48NUG_20220530_0_L2A,east_cargo,,1.0,CLOUDY
2022-05,S2B_48NUG_20220530_0_L2A,pax_t123,,1.0,CLOUDY
2022-05,S2B_48NUG_20220530_0_L2A,pax_t4,,0.6818636818636818,CLOUDY
2022-05,S2A_48NUG_20220515_0_L2A,west_cargo,,0.525959595959596,CLOUDY
2022-05,S2A_48NUG_20220515_0_L2A,east_cargo,0.06754289886820007,0.03164171838870634,OK
2022-05,S2A_48NUG_20220515_0_L2A,pax_t123,0.06386128969413599,0.0434833430742256,OK
2022-05,S2A_48NUG_20220515_0_L2A,pax_t4,0.1001001001001001,0.0,OK
2022-05,S2B_48NUG_20220510_0_L2A,west_cargo,0.07676767676767676,0.0,OK
2022-05,S2B_48NUG_20220510_0_L2A,east_cargo,0.06961178045515395,0.0,OK
2022-05,S2B_48NUG_20220510_0_L2A,pax_t123,0.059770114942528735,0.0,OK
2022-05,S2B_48NUG_20220510_0_L2A,pax_t4,0.08617708617708618,0.0,OK
2022-06,S2B_48NUG_20220619_0_L2A,west_cargo,,1.0,CLOUDY
2022-06,S2B_48NUG_20220619_0_L2A,east_cargo,,1.0,CLOUDY
2022-06,S2B_48NUG_20220619_0_L2A,pax_t123,,0.9738164815897136,CLOUDY
2022-06,S2B_48NUG_20220619_0_L2A,pax_t4,,0.9912639912639912,CLOUDY
2022-06,S2B_48NUG_20220629_0_L2A,west_cargo,0.07909090909090909,0.0,OK
2022-06,S2B_48NUG_20220629_0_L2A,east_cargo,0.06717780211756115,0.0,OK
2022-06,S2B_48NUG_20220629_0_L2A,pax_t123,0.07040716929670758,0.0,OK
2022-06,S2B_48NUG_20220629_0_L2A,pax_t4,0.11001911001911002,0.0,OK
2022-06,S2A_48NUG_20220614_0_L2A,west_cargo,,0.9716161616161616,CLOUDY
2022-06,S2A_48NUG_20220614_0_L2A,east_cargo,,0.8823171473773883,CLOUDY
2022-06,S2A_48NUG_20220614_0_L2A,pax_t123,,0.7180596142606662,CLOUDY
2022-06,S2A_48NUG_20220614_0_L2A,pax_t4,,0.5635635635635635,CLOUDY
2022-07,S2A_48NUG_20220704_0_L2A,west_cargo,,0.9754545454545455,CLOUDY
2022-07,S2A_48NUG_20220704_0_L2A,east_cargo,,0.9634903249361081,CLOUDY
2022-07,S2A_48NUG_20220704_0_L2A,pax_t123,,0.716656925774401,CLOUDY
2022-07,S2A_48NUG_20220704_0_L2A,pax_t4,,0.5322595322595323,CLOUDY
2022-07,S2B_48NUG_20220719_0_L2A,west_cargo,,0.9461616161616162,CLOUDY
2022-07,S2B_48NUG_20220719_0_L2A,east_cargo,,0.8904709748083242,CLOUDY
2022-07,S2B_48NUG_20220719_0_L2A,pax_t123,,0.8718098577829729,CLOUDY
2022-07,S2B_48NUG_20220719_0_L2A,pax_t4,,0.9053599053599054,CLOUDY
2022-07,S2B_48NUG_20220709_0_L2A,west_cargo,0.07343434343434344,0.0,OK
2022-07,S2B_48NUG_20220709_0_L2A,east_cargo,0.05914567360350493,0.018985031033223805,OK
2022-07,S2B_48NUG_20220709_0_L2A,pax_t123,0.052328073251509837,0.060159750633157996,OK
2022-07,S2B_48NUG_20220709_0_L2A,pax_t4,0.10101010101010101,0.001092001092001092,OK
2022-08,S2B_48NUG_20220808_0_L2A,west_cargo,,0.938989898989899,CLOUDY
2022-08,S2B_48NUG_20220808_0_L2A,east_cargo,0.064865522696848,0.16210295728368018,OK
2022-08,S2B_48NUG_20220808_0_L2A,pax_t123,,0.9824274303526203,CLOUDY
2022-08,S2B_48NUG_20220808_0_L2A,pax_t4,,0.7892437892437892,CLOUDY
2022-10,S2A_48NUG_20221022_0_L2A,west_cargo,0.061414141414141414,0.0,OK
2022-10,S2A_48NUG_20221022_0_L2A,east_cargo,0.08068638189120117,0.0,OK
2022-10,S2A_48NUG_20221022_0_L2A,pax_t123,0.06577050457821937,0.09436976427040716,OK
2022-10,S2A_48NUG_20221022_0_L2A,pax_t4,0.08080808080808081,0.055965055965055965,OK
2022-11,S2A_48NUG_20221121_0_L2A,west_cargo,0.08171717171717172,0.0,OK
2022-11,S2A_48NUG_20221121_0_L2A,east_cargo,0.07606182304977485,0.0,OK
2022-11,S2A_48NUG_20221121_0_L2A,pax_t123,0.07142022209234365,0.29807130333138515,OK
2022-11,S2A_48NUG_20221121_0_L2A,pax_t4,,0.5907725907725908,CLOUDY
2022-11,S2B_48NUG_20221116_0_L2A,west_cargo,,0.9571717171717171,CLOUDY
2022-11,S2B_48NUG_20221116_0_L2A,east_cargo,,1.0,CLOUDY
2022-11,S2B_48NUG_20221116_0_L2A,pax_t123,,0.37089421390999416,CLOUDY
2022-11,S2B_48NUG_20221116_0_L2A,pax_t4,0.0919100919100919,0.1748111748111748,OK
2022-12,S2A_48NUG_20221231_0_L2A,west_cargo,,0.9880808080808081,CLOUDY
2022-12,S2A_48NUG_20221231_0_L2A,east_cargo,,1.0,CLOUDY
2022-12,S2A_48NUG_20221231_0_L2A,pax_t123,,0.925579583089811,CLOUDY
2022-12,S2A_48NUG_20221231_0_L2A,pax_t4,0.09873509873509874,0.2163982163982164,OK
2022-12,S2A_48NUG_20221201_0_L2A,west_cargo,,1.0,CLOUDY
2022-12,S2A_48NUG_20221201_0_L2A,east_cargo,,1.0,CLOUDY
2022-12,S2A_48NUG_20221201_0_L2A,pax_t123,,1.0,CLOUDY
2022-12,S2A_48NUG_20221201_0_L2A,pax_t4,,1.0,CLOUDY
2022-12,S2B_48NUG_20221206_0_L2A,west_cargo,,1.0,CLOUDY
2022-12,S2B_48NUG_20221206_0_L2A,east_cargo,,1.0,CLOUDY
2022-12,S2B_48NUG_20221206_0_L2A,pax_t123,,1.0,CLOUDY
2022-12,S2B_48NUG_20221206_0_L2A,pax_t4,,1.0,CLOUDY
2023-01,S2A_48NUG_20230110_0_L2A,west_cargo,,0.5322222222222223,CLOUDY
2023-01,S2A_48NUG_20230110_0_L2A,east_cargo,,0.5340148472678593,CLOUDY
2023-01,S2A_48NUG_20230110_0_L2A,pax_t123,,0.9306838106370544,CLOUDY
2023-01,S2A_48NUG_20230110_0_L2A,pax_t4,0.09518609518609518,0.01929201929201929,OK
2023-02,S2A_48NUG_20230219_0_L2A,west_cargo,0.0695959595959596,0.08828282828282828,OK
2023-02,S2A_48NUG_20230219_0_L2A,east_cargo,0.07508823171473773,0.07301935012778386,OK
2023-02,S2A_48NUG_20230219_0_L2A,pax_t123,0.05910773426845899,0.05189947399181765,OK
2023-02,S2A_48NUG_20230219_0_L2A,pax_t4,0.08736008736008737,0.0,OK
2023-02,S2B_48NUG_20230214_0_L2A,west_cargo,0.07,0.08393939393939394,OK
2023-02,S2B_48NUG_20230214_0_L2A,east_cargo,0.07423633929658026,0.18741633199464525,OK
2023-02,S2B_48NUG_20230214_0_L2A,pax_t123,,0.8793298266121177,CLOUDY
2023-02,S2B_48NUG_20230214_0_L2A,pax_t4,0.08645008645008645,0.07725907725907726,OK
2023-02,S2B_48NUG_20230224_0_L2A,west_cargo,,0.3288888888888889,CLOUDY
2023-02,S2B_48NUG_20230224_0_L2A,east_cargo,,0.4965315808689303,CLOUDY
2023-02,S2B_48NUG_20230224_0_L2A,pax_t123,0.09172024157412818,0.01901422170270797,OK
2023-02,S2B_48NUG_20230224_0_L2A,pax_t4,0.08271908271908272,0.1798161798161798,OK
2023-03,S2B_48NUG_20230316_0_L2A,west_cargo,0.0706060606060606,0.0,OK
2023-03,S2B_48NUG_20230316_0_L2A,east_cargo,0.08202506997687721,0.03431909456005842,OK
2023-03,S2B_48NUG_20230316_0_L2A,pax_t123,0.0658094681472823,0.00015585427625170465,OK
2023-03,S2B_48NUG_20230316_0_L2A,pax_t4,,0.32505232505232506,CLOUDY
2023-03,S2B_48NUG_20230306_0_L2A,west_cargo,,1.0,CLOUDY
2023-03,S2B_48NUG_20230306_0_L2A,east_cargo,,1.0,CLOUDY
2023-03,S2B_48NUG_20230306_0_L2A,pax_t123,,1.0,CLOUDY
2023-03,S2B_48NUG_20230306_0_L2A,pax_t4,,1.0,CLOUDY
2023-03,S2B_48NUG_20230326_0_L2A,west_cargo,,0.9995959595959596,CLOUDY
2023-03,S2B_48NUG_20230326_0_L2A,east_cargo,,1.0,CLOUDY
2023-03,S2B_48NUG_20230326_0_L2A,pax_t123,,0.8831092928112215,CLOUDY
2023-03,S2B_48NUG_20230326_0_L2A,pax_t4,,0.9357539357539357,CLOUDY
2023-04,S2A_48NUG_20230410_0_L2A,west_cargo,0.07282828282828283,0.0,OK
2023-04,S2A_48NUG_20230410_0_L2A,east_cargo,0.08141657539247901,0.0,OK
2023-04,S2A_48NUG_20230410_0_L2A,pax_t123,0.07301772842392364,0.0,OK
2023-04,S2A_48NUG_20230410_0_L2A,pax_t4,0.1041041041041041,0.0,OK
2023-04,S2B_48NUG_20230415_0_L2A,west_cargo,,0.6186868686868687,CLOUDY
2023-04,S2B_48NUG_20230415_0_L2A,east_cargo,,1.0,CLOUDY
2023-04,S2B_48NUG_20230415_0_L2A,pax_t123,,0.999961036430937,CLOUDY
2023-04,S2B_48NUG_20230415_0_L2A,pax_t4,,0.9885339885339886,CLOUDY
2023-05,S2A_48NUG_20230530_0_L2A,west_cargo,0.07292929292929293,0.032525252525252527,OK
2023-05,S2A_48NUG_20230530_0_L2A,east_cargo,0.07971279055616405,0.02750395521479859,OK
2023-05,S2A_48NUG_20230530_0_L2A,pax_t123,0.0692382622248198,0.026027664134034678,OK
2023-05,S2A_48NUG_20230530_0_L2A,pax_t4,0.09655109655109655,0.07225407225407225,OK
2023-05,S2A_48NUG_20230510_0_L2A,west_cargo,0.07545454545454545,0.1396969696969697,OK
2023-05,S2A_48NUG_20230510_0_L2A,east_cargo,0.08007788730680297,0.0,OK
2023-05,S2A_48NUG_20230510_0_L2A,pax_t123,0.06386128969413599,0.0,OK
2023-05,S2A_48NUG_20230510_0_L2A,pax_t4,0.09891709891709892,0.0,OK
2023-05,S2B_48NUG_20230525_0_L2A,west_cargo,,0.9418181818181818,CLOUDY
2023-05,S2B_48NUG_20230525_0_L2A,east_cargo,,0.7082876962395035,CLOUDY
2023-05,S2B_48NUG_20230525_0_L2A,pax_t123,0.06740697447886226,0.10212351451392948,OK
2023-05,S2B_48NUG_20230525_0_L2A,pax_t4,0.08235508235508235,0.21548821548821548,OK
2023-06,S2A_48NUG_20230619_0_L2A,west_cargo,0.06696969696969697,0.010505050505050505,OK
2023-06,S2A_48NUG_20230619_0_L2A,east_cargo,0.08214676889375684,0.0,OK
2023-06,S2A_48NUG_20230619_0_L2A,pax_t123,,0.5761932593025522,CLOUDY
2023-06,S2A_48NUG_20230619_0_L2A,pax_t4,0.09309309309309309,0.1648011648011648,OK
2023-06,S2A_48NUG_20230629_0_L2A,west_cargo,0.06898989898989899,0.0012121212121212121,OK
2023-06,S2A_48NUG_20230629_0_L2A,east_cargo,0.06961178045515395,0.0009735913350371182,OK
2023-06,S2A_48NUG_20230629_0_L2A,pax_t123,0.07149814923046952,0.0,OK
2023-06,S2A_48NUG_20230629_0_L2A,pax_t4,0.08954408954408954,0.0,OK
2023-07,S2B_48NUG_20230724_0_L2A,west_cargo,0.07494949494949495,0.0,OK
2023-07,S2B_48NUG_20230724_0_L2A,east_cargo,0.07861750030424729,0.0,OK
2023-07,S2B_48NUG_20230724_0_L2A,pax_t123,0.06927722579388272,0.1642704071692967,OK
2023-07,S2B_48NUG_20230724_0_L2A,pax_t4,0.09009009009009009,0.057148057148057145,OK
2023-08,S2A_48NUG_20230808_0_L2A,west_cargo,,1.0,CLOUDY
2023-08,S2A_48NUG_20230808_0_L2A,east_cargo,,1.0,CLOUDY
2023-08,S2A_48NUG_20230808_0_L2A,pax_t123,,0.9295538671342295,CLOUDY
2023-08,S2A_48NUG_20230808_0_L2A,pax_t4,,0.9224679224679224,CLOUDY
2023-08,S2B_48NUG_20230823_0_L2A,west_cargo,,0.9661616161616161,CLOUDY
2023-08,S2B_48NUG_20230823_0_L2A,east_cargo,,1.0,CLOUDY
2023-08,S2B_48NUG_20230823_0_L2A,pax_t123,,0.9693746347165401,CLOUDY
2023-08,S2B_48NUG_20230823_0_L2A,pax_t4,,1.0,CLOUDY
2023-08,S2B_48NUG_20230813_0_L2A,west_cargo,,1.0,CLOUDY
2023-08,S2B_48NUG_20230813_0_L2A,east_cargo,,1.0,CLOUDY
2023-08,S2B_48NUG_20230813_0_L2A,pax_t123,,1.0,CLOUDY
2023-08,S2B_48NUG_20230813_0_L2A,pax_t4,,1.0,CLOUDY
2023-09,S2A_48NUG_20230927_0_L2A,west_cargo,0.08696969696969697,0.0,OK
2023-09,S2A_48NUG_20230927_0_L2A,east_cargo,0.08105147864184009,0.0,OK
2023-09,S2A_48NUG_20230927_0_L2A,pax_t123,0.07126436781609195,0.0,OK
2023-09,S2A_48NUG_20230927_0_L2A,pax_t4,0.09555009555009555,0.0,OK
2023-09,S2A_48NUG_20230917_0_L2A,west_cargo,0.08494949494949496,0.10424242424242425,OK
2023-09,S2A_48NUG_20230917_0_L2A,east_cargo,0.07667031763417305,0.04965315808689302,OK
2023-09,S2A_48NUG_20230917_0_L2A,pax_t123,0.06982271576076368,0.02711864406779661,OK
2023-09,S2A_48NUG_20230917_0_L2A,pax_t4,0.09682409682409683,0.0,OK
2023-09,S2B_48NUG_20230922_0_L2A,west_cargo,,1.0,CLOUDY
2023-09,S2B_48NUG_20230922_0_L2A,east_cargo,,1.0,CLOUDY
2023-09,S2B_48NUG_20230922_0_L2A,pax_t123,,1.0,CLOUDY
2023-09,S2B_48NUG_20230922_0_L2A,pax_t4,,1.0,CLOUDY
2023-10,S2B_48NUG_20231012_1_L2A,west_cargo,0.0602020202020202,0.0,OK
2023-10,S2B_48NUG_20231012_1_L2A,east_cargo,0.040038943653401486,0.0,OK
2023-10,S2B_48NUG_20231012_1_L2A,pax_t123,0.0576271186440678,0.0,OK
2023-10,S2B_48NUG_20231012_1_L2A,pax_t4,0.09454909454909455,0.0,OK
2023-10,S2A_48NUG_20231007_0_L2A,west_cargo,0.07494949494949495,0.008686868686868687,OK
2023-10,S2A_48NUG_20231007_0_L2A,east_cargo,0.052330534258245104,0.0,OK
2023-10,S2A_48NUG_20231007_0_L2A,pax_t123,0.0550944866549776,0.22170270796804986,OK
2023-10,S2A_48NUG_20231007_0_L2A,pax_t4,0.09373009373009374,0.0,OK
2023-10,S2B_48NUG_20231012_0_L2A,west_cargo,0.061515151515151516,0.07595959595959596,OK
2023-10,S2B_48NUG_20231012_0_L2A,east_cargo,0.04368991115979068,0.11610076670317634,OK
2023-10,S2B_48NUG_20231012_0_L2A,pax_t123,0.05766608221313072,0.004753555425676992,OK
2023-10,S2B_48NUG_20231012_0_L2A,pax_t4,0.09272909272909273,0.05350805350805351,OK
2023-11,S2B_48NUG_20231111_0_L2A,west_cargo,0.09202020202020202,0.10787878787878788,OK
2023-11,S2B_48NUG_20231111_0_L2A,east_cargo,0.08445904831447,0.0009735913350371182,OK
2023-11,S2B_48NUG_20231111_0_L2A,pax_t123,,0.9681278005065264,CLOUDY
2023-11,S2B_48NUG_20231111_0_L2A,pax_t4,,0.7333697333697333,CLOUDY
2023-11,S2B_48NUG_20231101_0_L2A,west_cargo,,1.0,CLOUDY
2023-11,S2B_48NUG_20231101_0_L2A,east_cargo,,1.0,CLOUDY
2023-11,S2B_48NUG_20231101_0_L2A,pax_t123,,1.0,CLOUDY
2023-11,S2B_48NUG_20231101_0_L2A,pax_t4,,1.0,CLOUDY
2023-11,S2A_48NUG_20231106_0_L2A,west_cargo,0.07757575757575758,0.0,OK
2023-11,S2A_48NUG_20231106_0_L2A,east_cargo,0.08360715589631253,0.0,OK
2023-11,S2A_48NUG_20231106_0_L2A,pax_t123,0.06152347555036041,0.0,OK
2023-11,S2A_48NUG_20231106_0_L2A,pax_t4,0.08071708071708071,0.0,OK
2023-12,S2A_48NUG_20231216_0_L2A,west_cargo,0.0802020202020202,0.0,OK
2023-12,S2A_48NUG_20231216_0_L2A,east_cargo,0.07642691980041377,0.0,OK
2023-12,S2A_48NUG_20231216_0_L2A,pax_t123,0.06651081239041497,0.0003117085525034093,OK
2023-12,S2A_48NUG_20231216_0_L2A,pax_t4,0.07917007917007916,0.14205114205114205,OK
2023-12,S2B_48NUG_20231211_0_L2A,west_cargo,,0.38272727272727275,CLOUDY
2023-12,S2B_48NUG_20231211_0_L2A,east_cargo,,0.9992698064987222,CLOUDY
2023-12,S2B_48NUG_20231211_0_L2A,pax_t123,,0.4026884862653419,CLOUDY
2023-12,S2B_48NUG_20231211_0_L2A,pax_t4,,1.0,CLOUDY
2023-12,S2A_48NUG_20231206_0_L2A,west_cargo,,0.9929292929292929,CLOUDY
2023-12,S2A_48NUG_20231206_0_L2A,east_cargo,,1.0,CLOUDY
2023-12,S2A_48NUG_20231206_0_L2A,pax_t123,,0.9756867329047341,CLOUDY
2023-12,S2A_48NUG_20231206_0_L2A,pax_t4,,0.9952679952679953,CLOUDY
2024-01,S2B_48NUG_20240130_0_L2A,west_cargo,0.06898989898989899,0.1412121212121212,OK
2024-01,S2B_48NUG_20240130_0_L2A,east_cargo,,0.3988073506145795,CLOUDY
2024-01,S2B_48NUG_20240130_0_L2A,pax_t123,0.11505941944282096,0.1983635300993571,OK
2024-01,S2B_48NUG_20240130_0_L2A,pax_t4,,0.7541177541177542,CLOUDY
2024-02,S2B_48NUG_20240229_0_L2A,west_cargo,0.06545454545454546,0.0,OK
2024-02,S2B_48NUG_20240229_0_L2A,east_cargo,0.05208713642448582,0.0,OK
2024-02,S2B_48NUG_20240229_0_L2A,pax_t123,0.07823884667835573,0.0,OK
2024-02,S2B_48NUG_20240229_0_L2A,pax_t4,,0.33824733824733827,CLOUDY
2024-02,S2B_48NUG_20240219_0_L2A,west_cargo,0.08181818181818182,0.2314141414141414,OK
2024-02,S2B_48NUG_20240219_0_L2A,east_cargo,,0.8186686138493368,CLOUDY
2024-02,S2B_48NUG_20240219_0_L2A,pax_t123,0.06144554841223456,0.0,OK
2024-02,S2B_48NUG_20240219_0_L2A,pax_t4,0.10228410228410229,0.12048412048412048,OK
2024-02,S2A_48NUG_20240204_0_L2A,west_cargo,,0.8594949494949495,CLOUDY
2024-02,S2A_48NUG_20240204_0_L2A,east_cargo,,0.9827187538030911,CLOUDY
2024-02,S2A_48NUG_20240204_0_L2A,pax_t123,,0.31992986557568676,CLOUDY
2024-02,S2A_48NUG_20240204_0_L2A,pax_t4,,0.973973973973974,CLOUDY
2024-03,S2A_48NUG_20240325_0_L2A,west_cargo,,0.5143434343434343,CLOUDY
2024-03,S2A_48NUG_20240325_0_L2A,east_cargo,,0.6115370573201898,CLOUDY
2024-03,S2A_48NUG_20240325_0_L2A,pax_t123,,0.5988310929281122,CLOUDY
2024-03,S2A_48NUG_20240325_0_L2A,pax_t4,,0.30867230867230866,CLOUDY
2024-03,S2B_48NUG_20240330_0_L2A,west_cargo,,0.9987878787878788,CLOUDY
2024-03,S2B_48NUG_20240330_0_L2A,east_cargo,,1.0,CLOUDY
2024-03,S2B_48NUG_20240330_0_L2A,pax_t123,,0.9350866939411651,CLOUDY
2024-03,S2B_48NUG_20240330_0_L2A,pax_t4,,0.7643097643097643,CLOUDY
2024-04,S2B_48NUG_20240419_0_L2A,west_cargo,,0.5678787878787879,CLOUDY
2024-04,S2B_48NUG_20240419_0_L2A,east_cargo,0.07155896312522819,0.12072532554460265,OK
2024-04,S2B_48NUG_20240419_0_L2A,pax_t123,,0.4633547632963179,CLOUDY
2024-04,S2B_48NUG_20240419_0_L2A,pax_t4,0.08854308854308854,0.08890708890708891,OK
2024-04,S2A_48NUG_20240404_0_L2A,west_cargo,0.0802020202020202,0.0,OK
2024-04,S2A_48NUG_20240404_0_L2A,east_cargo,0.07788730680296946,0.0,OK
2024-04,S2A_48NUG_20240404_0_L2A,pax_t123,,0.7901032534580168,CLOUDY
2024-04,S2A_48NUG_20240404_0_L2A,pax_t4,0.07807807807807808,0.0,OK
2024-04,S2B_48NUG_20240429_0_L2A,west_cargo,,0.6944444444444444,CLOUDY
2024-04,S2B_48NUG_20240429_0_L2A,east_cargo,,0.5640744797371303,CLOUDY
2024-04,S2B_48NUG_20240429_0_L2A,pax_t123,,0.710305864017144,CLOUDY
2024-04,S2B_48NUG_20240429_0_L2A,pax_t4,,0.5451815451815452,CLOUDY
2024-05,S2A_48NUG_20240514_0_L2A,west_cargo,0.07262626262626262,0.0,OK
2024-05,S2A_48NUG_20240514_0_L2A,east_cargo,0.0707070707070707,0.0,OK
2024-05,S2A_48NUG_20240514_0_L2A,pax_t123,0.08322618351841028,0.27009546074420415,OK
2024-05,S2A_48NUG_20240514_0_L2A,pax_t4,0.0920920920920921,0.04832104832104832,OK
2024-05,S2B_48NUG_20240509_0_L2A,west_cargo,0.08080808080808081,0.1716161616161616,OK
2024-05,S2B_48NUG_20240509_0_L2A,east_cargo,0.08263356456127541,0.19447486917366436,OK
2024-05,S2B_48NUG_20240509_0_L2A,pax_t123,,0.3867134229495422,CLOUDY
2024-05,S2B_48NUG_20240509_0_L2A,pax_t4,0.09445809445809446,0.0,OK
2024-05,S2B_48NUG_20240529_0_L2A,west_cargo,0.06535353535353536,0.0,OK
2024-05,S2B_48NUG_20240529_0_L2A,east_cargo,0.06279664110989412,0.07898259705488621,OK
2024-05,S2B_48NUG_20240529_0_L2A,pax_t123,,0.8910968244691214,CLOUDY
2024-05,S2B_48NUG_20240529_0_L2A,pax_t4,,0.8713258713258714,CLOUDY
2024-06,S2A_48NUG_20240613_0_L2A,west_cargo,,1.0,CLOUDY
2024-06,S2A_48NUG_20240613_0_L2A,east_cargo,,0.5971765851283923,CLOUDY
2024-06,S2A_48NUG_20240613_0_L2A,pax_t123,,0.9355542567699201,CLOUDY
2024-06,S2A_48NUG_20240613_0_L2A,pax_t4,0.10255710255710256,0.29311129311129314,OK
2024-06,S2B_48NUG_20240628_0_L2A,west_cargo,,1.0,CLOUDY
2024-06,S2B_48NUG_20240628_0_L2A,east_cargo,,0.7635390045028599,CLOUDY
2024-06,S2B_48NUG_20240628_0_L2A,pax_t123,,0.977868692772258,CLOUDY
2024-06,S2B_48NUG_20240628_0_L2A,pax_t4,,0.4462644462644463,CLOUDY
2024-06,S2A_48NUG_20240603_0_L2A,west_cargo,,1.0,CLOUDY
2024-06,S2A_48NUG_20240603_0_L2A,east_cargo,,0.88852379213825,CLOUDY
2024-06,S2A_48NUG_20240603_0_L2A,pax_t123,,0.7979349308396649,CLOUDY
2024-06,S2A_48NUG_20240603_0_L2A,pax_t4,,0.35244335244335245,CLOUDY
2024-07,S2B_48NUG_20240728_0_L2A,west_cargo,,0.3797979797979798,CLOUDY
2024-07,S2B_48NUG_20240728_0_L2A,east_cargo,0.07326274796154314,0.22404770597541682,OK
2024-07,S2B_48NUG_20240728_0_L2A,pax_t123,0.08186245860120787,0.10430547438145334,OK
2024-07,S2B_48NUG_20240728_0_L2A,pax_t4,0.07707707707707707,0.2222222222222222,OK
2024-07,S2B_48NUG_20240718_0_L2A,west_cargo,,0.7373737373737373,CLOUDY
2024-07,S2B_48NUG_20240718_0_L2A,east_cargo,,0.8497018376536449,CLOUDY
2024-07,S2B_48NUG_20240718_0_L2A,pax_t123,0.07909604519774012,0.08988895382817066,OK
2024-07,S2B_48NUG_20240718_0_L2A,pax_t4,,0.9246519246519247,CLOUDY
2024-07,S2A_48NUG_20240703_0_L2A,west_cargo,,0.9832323232323232,CLOUDY
2024-07,S2A_48NUG_20240703_0_L2A,east_cargo,,0.9420713155652914,CLOUDY
2024-07,S2A_48NUG_20240703_0_L2A,pax_t123,,0.7159555815312683,CLOUDY
2024-07,S2A_48NUG_20240703_0_L2A,pax_t4,0.07725907725907726,0.2913822913822914,OK
2024-08,S2A_48NUG_20240822_0_L2A,west_cargo,0.07191919191919192,0.0,OK
2024-08,S2A_48NUG_20240822_0_L2A,east_cargo,0.0801995862236826,0.0,OK
2024-08,S2A_48NUG_20240822_0_L2A,pax_t123,0.06904344437950516,0.00015585427625170465,OK
2024-08,S2A_48NUG_20240822_0_L2A,pax_t4,0.08408408408408409,0.0,OK
2024-08,S2B_48NUG_20240817_0_L2A,west_cargo,,0.772020202020202,CLOUDY
2024-08,S2B_48NUG_20240817_0_L2A,east_cargo,,0.9710356577826458,CLOUDY
2024-08,S2B_48NUG_20240817_0_L2A,pax_t123,,0.3137736216637444,CLOUDY
2024-08,S2B_48NUG_20240817_0_L2A,pax_t4,0.08472108472108472,0.15215215215215216,OK
2024-08,S2A_48NUG_20240812_0_L2A,west_cargo,0.07777777777777778,0.2821212121212121,OK
2024-08,S2A_48NUG_20240812_0_L2A,east_cargo,,0.833759279542412,CLOUDY
2024-08,S2A_48NUG_20240812_0_L2A,pax_t123,0.07087473212546269,0.06584843171634522,OK
2024-08,S2A_48NUG_20240812_0_L2A,pax_t4,,0.5193375193375194,CLOUDY
2024-09,S2A_48NUG_20240901_0_L2A,west_cargo,,0.9849494949494949,CLOUDY
2024-09,S2A_48NUG_20240901_0_L2A,east_cargo,,0.9992698064987222,CLOUDY
2024-09,S2A_48NUG_20240901_0_L2A,pax_t123,,1.0,CLOUDY
2024-09,S2A_48NUG_20240901_0_L2A,pax_t4,,0.7253617253617254,CLOUDY
2024-10,S2A_48NUG_20241021_1_L2A,west_cargo,,0.8538383838383838,CLOUDY
2024-10,S2A_48NUG_20241021_1_L2A,east_cargo,,0.8016307654861872,CLOUDY
2024-10,S2A_48NUG_20241021_1_L2A,pax_t123,,0.9840249366842003,CLOUDY
2024-10,S2A_48NUG_20241021_1_L2A,pax_t4,,0.994903994903995,CLOUDY
2024-10,S2A_48NUG_20241011_0_L2A,west_cargo,,0.953030303030303,CLOUDY
2024-10,S2A_48NUG_20241011_0_L2A,east_cargo,,0.9616648411829135,CLOUDY
2024-10,S2A_48NUG_20241011_0_L2A,pax_t123,,0.33154100915643875,CLOUDY
2024-10,S2A_48NUG_20241011_0_L2A,pax_t4,,0.9861679861679862,CLOUDY
2024-11,S2A_48NUG_20241110_0_L2A,west_cargo,0.0,0.0,OK
2024-11,S2A_48NUG_20241110_0_L2A,east_cargo,0.0,0.0,OK
2024-11,S2A_48NUG_20241110_0_L2A,pax_t123,0.0,0.0,OK
2024-11,S2A_48NUG_20241110_0_L2A,pax_t4,0.0,0.0,OK
2024-11,S2C_48NUG_20241110_2_L2A,west_cargo,,1.0,CLOUDY
2024-11,S2C_48NUG_20241110_2_L2A,east_cargo,,1.0,CLOUDY
2024-11,S2C_48NUG_20241110_2_L2A,pax_t123,,1.0,CLOUDY
2024-11,S2C_48NUG_20241110_2_L2A,pax_t4,,1.0,CLOUDY
2024-11,S2A_48NUG_20241110_1_L2A,west_cargo,,1.0,CLOUDY
2024-11,S2A_48NUG_20241110_1_L2A,east_cargo,,1.0,CLOUDY
2024-11,S2A_48NUG_20241110_1_L2A,pax_t123,,1.0,CLOUDY
2024-11,S2A_48NUG_20241110_1_L2A,pax_t4,,1.0,CLOUDY
2025-01,S2A_48NUG_20250109_0_L2A,west_cargo,0.0701010101010101,0.0,OK
2025-01,S2A_48NUG_20250109_0_L2A,east_cargo,0.07776560788608981,0.0,OK
2025-01,S2A_48NUG_20250109_0_L2A,pax_t123,0.0827975842587181,0.0,OK
2025-01,S2A_48NUG_20250109_0_L2A,pax_t4,,0.3821093821093821,CLOUDY
2025-02,S2B_48NUG_20250203_0_L2A,west_cargo,,0.428989898989899,CLOUDY
2025-02,S2B_48NUG_20250203_0_L2A,east_cargo,,0.9727394426189607,CLOUDY
2025-02,S2B_48NUG_20250203_0_L2A,pax_t123,0.07406974478862263,0.0,OK
2025-02,S2B_48NUG_20250203_0_L2A,pax_t4,,0.3163163163163163,CLOUDY
2025-02,S2B_48NUG_20250223_0_L2A,west_cargo,0.050606060606060606,0.09454545454545454,OK
2025-02,S2B_48NUG_20250223_0_L2A,east_cargo,,0.3357673116709261,CLOUDY
2025-02,S2B_48NUG_20250223_0_L2A,pax_t123,,1.0,CLOUDY
2025-02,S2B_48NUG_20250223_0_L2A,pax_t4,,0.9905359905359905,CLOUDY
2025-02,S2C_48NUG_20250208_0_L2A,west_cargo,0.07303030303030303,0.0,OK
2025-02,S2C_48NUG_20250208_0_L2A,east_cargo,0.0743580382134599,0.0,OK
2025-02,S2C_48NUG_20250208_0_L2A,pax_t123,0.07742061172803429,0.0,OK
2025-02,S2C_48NUG_20250208_0_L2A,pax_t4,0.0849030849030849,0.0,OK
2025-03,S2C_48NUG_20250330_0_L2A,west_cargo,0.06797979797979797,0.0,OK
2025-03,S2C_48NUG_20250330_0_L2A,east_cargo,0.07898259705488621,0.0,OK
2025-03,S2C_48NUG_20250330_0_L2A,pax_t123,0.06549775959477888,0.029924021040327296,OK
2025-03,S2C_48NUG_20250330_0_L2A,pax_t4,0.0838110838110838,0.04040404040404041,OK
2025-04,S2C_48NUG_20250409_0_L2A,west_cargo,0.0695959595959596,0.0,OK
2025-04,S2C_48NUG_20250409_0_L2A,east_cargo,0.07825240355360838,0.0,OK
2025-04,S2C_48NUG_20250409_0_L2A,pax_t123,0.079680498733684,0.027274498344048315,OK
2025-04,S2C_48NUG_20250409_0_L2A,pax_t4,0.09272909272909273,0.035672035672035675,OK
2025-04,S2C_48NUG_20250419_0_L2A,west_cargo,0.09888888888888889,0.12191919191919191,OK
2025-04,S2C_48NUG_20250419_0_L2A,east_cargo,0.08092977972496045,0.22928075940124132,OK
2025-04,S2C_48NUG_20250419_0_L2A,pax_t123,0.07360218195986752,0.00015585427625170465,OK
2025-04,S2C_48NUG_20250419_0_L2A,pax_t4,0.09318409318409318,0.004186004186004186,OK
2025-04,S2C_48NUG_20250429_0_L2A,west_cargo,,1.0,CLOUDY
2025-04,S2C_48NUG_20250429_0_L2A,east_cargo,,1.0,CLOUDY
2025-04,S2C_48NUG_20250429_0_L2A,pax_t123,,0.9982856029612313,CLOUDY
2025-04,S2C_48NUG_20250429_0_L2A,pax_t4,,0.7901537901537902,CLOUDY
2025-05,S2B_48NUG_20250524_0_L2A,west_cargo,,1.0,CLOUDY
2025-05,S2B_48NUG_20250524_0_L2A,east_cargo,,0.9875867104782767,CLOUDY
2025-05,S2B_48NUG_20250524_0_L2A,pax_t123,,0.3478277810247419,CLOUDY
2025-05,S2B_48NUG_20250524_0_L2A,pax_t4,,0.35308035308035307,CLOUDY
2025-05,S2A_48NUG_20250521_0_L2A,west_cargo,,0.945050505050505,CLOUDY
2025-05,S2A_48NUG_20250521_0_L2A,east_cargo,,0.7164415236704393,CLOUDY
2025-05,S2A_48NUG_20250521_0_L2A,pax_t123,,0.694993181375414,CLOUDY
2025-05,S2A_48NUG_20250521_0_L2A,pax_t4,0.06715806715806716,0.2246792246792247,OK
2025-05,S2A_48NUG_20250501_0_L2A,west_cargo,,1.0,CLOUDY
2025-05,S2A_48NUG_20250501_0_L2A,east_cargo,,0.7294633077765608,CLOUDY
2025-05,S2A_48NUG_20250501_0_L2A,pax_t123,,1.0,CLOUDY
2025-05,S2A_48NUG_20250501_0_L2A,pax_t4,,0.4407134407134407,CLOUDY
2025-06,S2B_48NUG_20250613_0_L2A,west_cargo,,0.9939393939393939,CLOUDY
2025-06,S2B_48NUG_20250613_0_L2A,east_cargo,,0.5028599245466715,CLOUDY
2025-06,S2B_48NUG_20250613_0_L2A,pax_t123,,0.7955191895577635,CLOUDY
2025-06,S2B_48NUG_20250613_0_L2A,pax_t4,,0.8112658112658113,CLOUDY
2025-06,S2A_48NUG_20250630_0_L2A,west_cargo,,0.8796969696969696,CLOUDY
2025-06,S2A_48NUG_20250630_0_L2A,east_cargo,,0.9868565169769989,CLOUDY
2025-06,S2A_48NUG_20250630_0_L2A,pax_t123,,0.6060783167738165,CLOUDY
2025-06,S2A_48NUG_20250630_0_L2A,pax_t4,,0.8526708526708526,CLOUDY
2025-06,S2C_48NUG_20250608_0_L2A,west_cargo,0.06353535353535354,0.0,OK
2025-06,S2C_48NUG_20250608_0_L2A,east_cargo,0.07946939272240477,0.0,OK
2025-06,S2C_48NUG_20250608_0_L2A,pax_t123,0.07839470095460745,0.0,OK
2025-06,S2C_48NUG_20250608_0_L2A,pax_t4,0.07170807170807171,0.0,OK
2025-07,S2C_48NUG_20250728_0_L2A,west_cargo,0.07454545454545454,0.0,OK
2025-07,S2C_48NUG_20250728_0_L2A,east_cargo,0.08214676889375684,0.0,OK
2025-07,S2C_48NUG_20250728_0_L2A,pax_t123,0.08934346386128969,0.00903954802259887,OK
2025-07,S2C_48NUG_20250728_0_L2A,pax_t4,0.07780507780507781,0.0,OK
2025-07,S2C_48NUG_20250718_0_L2A,west_cargo,0.07111111111111111,0.0,OK
2025-07,S2C_48NUG_20250718_0_L2A,east_cargo,0.08129487647559937,0.09005719849093342,OK
2025-07,S2C_48NUG_20250718_0_L2A,pax_t123,0.08946035456847848,0.0070134424313267095,OK
2025-07,S2C_48NUG_20250718_0_L2A,pax_t4,0.09254709254709255,0.0,OK
2025-07,S2B_48NUG_20250703_0_L2A,west_cargo,0.06535353535353536,0.0,OK
2025-07,S2B_48NUG_20250703_0_L2A,east_cargo,0.07861750030424729,0.0,OK
2025-07,S2B_48NUG_20250703_0_L2A,pax_t123,0.08127800506526398,0.0,OK
2025-07,S2B_48NUG_20250703_0_L2A,pax_t4,0.0758030758030758,0.0,OK
2025-08,S2B_48NUG_20250822_0_L2A,west_cargo,0.06535353535353536,0.06484848484848485,OK
2025-08,S2B_48NUG_20250822_0_L2A,east_cargo,0.07776560788608981,0.0,OK
2025-08,S2B_48NUG_20250822_0_L2A,pax_t123,0.06962789791544906,0.11954022988505747,OK
2025-08,S2B_48NUG_20250822_0_L2A,pax_t4,0.08317408317408317,0.0,OK
2025-08,S2C_48NUG_20250807_0_L2A,west_cargo,0.07282828282828283,0.0,OK
2025-08,S2C_48NUG_20250807_0_L2A,east_cargo,0.08372885481319216,0.0,OK
2025-08,S2C_48NUG_20250807_0_L2A,pax_t123,0.08357685563997662,0.0,OK
2025-08,S2C_48NUG_20250807_0_L2A,pax_t4,0.08271908271908272,0.0,OK
2025-08,S2A_48NUG_20250809_0_L2A,west_cargo,0.07181818181818182,0.0,OK
2025-08,S2A_48NUG_20250809_0_L2A,east_cargo,0.08178167214311792,0.0,OK
2025-08,S2A_48NUG_20250809_0_L2A,pax_t123,0.07936879018118059,0.0,OK
2025-08,S2A_48NUG_20250809_0_L2A,pax_t4,0.07707707707707707,0.0,OK
2025-09,S2C_48NUG_20250906_0_L2A,west_cargo,0.06757575757575758,0.0,OK
2025-09,S2C_48NUG_20250906_0_L2A,east_cargo,0.08178167214311792,0.0,OK
2025-09,S2C_48NUG_20250906_0_L2A,pax_t123,0.08240794856808883,0.0,OK
2025-09,S2C_48NUG_20250906_0_L2A,pax_t4,0.0899080899080899,0.0,OK
2025-09,S2A_48NUG_20250918_0_L2A,west_cargo,,0.676969696969697,CLOUDY
2025-09,S2A_48NUG_20250918_0_L2A,east_cargo,,0.39527808202507,CLOUDY
2025-09,S2A_48NUG_20250918_0_L2A,pax_t123,,0.34626923826222483,CLOUDY
2025-09,S2A_48NUG_20250918_0_L2A,pax_t4,,0.6402766402766403,CLOUDY
2025-09,S2B_48NUG_20250921_0_L2A,west_cargo,,0.9661616161616161,CLOUDY
2025-09,S2B_48NUG_20250921_0_L2A,east_cargo,,1.0,CLOUDY
2025-09,S2B_48NUG_20250921_0_L2A,pax_t123,,0.9921293590492889,CLOUDY
2025-09,S2B_48NUG_20250921_0_L2A,pax_t4,,1.0,CLOUDY
2025-10,S2C_48NUG_20251026_0_L2A,west_cargo,,0.3691919191919192,CLOUDY
2025-10,S2C_48NUG_20251026_0_L2A,east_cargo,,0.36302786905196543,CLOUDY
2025-10,S2C_48NUG_20251026_0_L2A,pax_t123,,0.3306448470679914,CLOUDY
2025-10,S2C_48NUG_20251026_0_L2A,pax_t4,,0.9541359541359541,CLOUDY
2025-10,S2C_48NUG_20251016_0_L2A,west_cargo,,0.8593939393939394,CLOUDY
2025-10,S2C_48NUG_20251016_0_L2A,east_cargo,,0.6390410125349885,CLOUDY
2025-10,S2C_48NUG_20251016_0_L2A,pax_t123,,0.818975258133645,CLOUDY
2025-10,S2C_48NUG_20251016_0_L2A,pax_t4,,0.9885339885339886,CLOUDY
2025-10,S2A_48NUG_20251008_0_L2A,west_cargo,0.02898989898989899,0.0,OK
2025-10,S2A_48NUG_20251008_0_L2A,east_cargo,0.024583181209687235,0.0,OK
2025-10,S2A_48NUG_20251008_0_L2A,pax_t123,0.026729008377167348,0.0,OK
2025-10,S2A_48NUG_20251008_0_L2A,pax_t4,0.07225407225407225,0.0,OK
2025-11,S2A_48NUG_20251117_0_L2A,west_cargo,,1.0,CLOUDY
2025-11,S2A_48NUG_20251117_0_L2A,east_cargo,,1.0,CLOUDY
2025-11,S2A_48NUG_20251117_0_L2A,pax_t123,,0.6251704656146503,CLOUDY
2025-11,S2A_48NUG_20251117_0_L2A,pax_t4,,0.9448539448539448,CLOUDY
2025-12,S2C_48NUG_20251205_0_L2A,west_cargo,0.06818181818181818,0.0,OK
2025-12,S2C_48NUG_20251205_0_L2A,east_cargo,0.0838505537300718,0.0,OK
2025-12,S2C_48NUG_20251205_0_L2A,pax_t123,0.07180985778297291,0.0,OK
2025-12,S2C_48NUG_20251205_0_L2A,pax_t4,0.06861406861406862,0.12894712894712895,OK
2025-12,S2B_48NUG_20251220_0_L2A,west_cargo,0.09818181818181818,0.22101010101010102,OK
2025-12,S2B_48NUG_20251220_0_L2A,east_cargo,0.08226846781063649,0.08762322015334063,OK
2025-12,S2B_48NUG_20251220_0_L2A,pax_t123,0.07325150983830118,0.005922462497564777,OK
2025-12,S2B_48NUG_20251220_0_L2A,pax_t4,0.06916006916006916,0.0,OK
2026-01,S2C_48NUG_20260124_0_L2A,west_cargo,0.08515151515151514,0.11878787878787879,OK
2026-01,S2C_48NUG_20260124_0_L2A,east_cargo,0.08336375806255324,0.0,OK
2026-01,S2C_48NUG_20260124_0_L2A,pax_t123,0.0847457627118644,0.08260276641340347,OK
2026-01,S2C_48NUG_20260124_0_L2A,pax_t4,0.06843206843206844,0.0,OK
2026-01,S2B_48NUG_20260129_0_L2A,west_cargo,,1.0,CLOUDY
2026-01,S2B_48NUG_20260129_0_L2A,east_cargo,,1.0,CLOUDY
2026-01,S2B_48NUG_20260129_0_L2A,pax_t123,,1.0,CLOUDY
2026-01,S2B_48NUG_20260129_0_L2A,pax_t4,,1.0,CLOUDY
2026-02,S2C_48NUG_20260203_0_L2A,west_cargo,0.07565656565656566,0.0,OK
2026-02,S2C_48NUG_20260203_0_L2A,east_cargo,0.08153827430935864,0.08299866131191433,OK
2026-02,S2C_48NUG_20260203_0_L2A,pax_t123,0.08833041106565362,0.048158971361776735,OK
2026-02,S2C_48NUG_20260203_0_L2A,pax_t4,0.05833105833105833,0.14532714532714533,OK
2026-02,S2B_48NUG_20260208_0_L2A,west_cargo,0.06838383838383838,0.0,OK
2026-02,S2B_48NUG_20260208_0_L2A,east_cargo,0.08214676889375684,0.0,OK
2026-02,S2B_48NUG_20260208_0_L2A,pax_t123,0.0804208065458796,0.0,OK
2026-02,S2B_48NUG_20260208_0_L2A,pax_t4,0.06779506779506779,0.1445081445081445,OK
2026-02,S2B_48NUG_20260228_0_L2A,west_cargo,0.054343434343434346,0.0,OK
2026-02,S2B_48NUG_20260228_0_L2A,east_cargo,0.04028234148716076,0.0,OK
2026-02,S2B_48NUG_20260228_0_L2A,pax_t123,,0.5383206701733879,CLOUDY
2026-02,S2B_48NUG_20260228_0_L2A,pax_t4,0.0647010647010647,0.01647101647101647,OK
2026-03,S2C_48NUG_20260325_0_L2A,west_cargo,0.07525252525252525,0.0,OK
2026-03,S2C_48NUG_20260325_0_L2A,east_cargo,0.08263356456127541,0.0,OK
2026-03,S2C_48NUG_20260325_0_L2A,pax_t123,0.07426456263393727,0.0007792713812585232,OK
2026-03,S2C_48NUG_20260325_0_L2A,pax_t4,0.06388206388206388,0.0,OK
2026-03,S2B_48NUG_20260320_0_L2A,west_cargo,0.07515151515151515,0.0,OK
2026-03,S2B_48NUG_20260320_0_L2A,east_cargo,0.08032128514056225,0.0,OK
2026-03,S2B_48NUG_20260320_0_L2A,pax_t123,0.09105786090005845,0.0,OK
2026-03,S2B_48NUG_20260320_0_L2A,pax_t4,0.06515606515606516,0.05350805350805351,OK
2026-04,S2C_48NUG_20260424_0_L2A,west_cargo,0.0795959595959596,0.0,OK
2026-04,S2C_48NUG_20260424_0_L2A,east_cargo,,0.41012534988438604,CLOUDY
2026-04,S2C_48NUG_20260424_0_L2A,pax_t123,0.08213520358464835,0.1578803818429768,OK
2026-04,S2C_48NUG_20260424_0_L2A,pax_t4,0.09336609336609336,0.16088816088816088,OK
2026-04,S2A_48NUG_20260416_0_L2A,west_cargo,0.07141414141414142,0.0,OK
2026-04,S2A_48NUG_20260416_0_L2A,east_cargo,0.06924668370451503,0.0,OK
2026-04,S2A_48NUG_20260416_0_L2A,pax_t123,0.07777128384960062,0.07153711279953244,OK
2026-04,S2A_48NUG_20260416_0_L2A,pax_t4,0.06342706342706343,0.0,OK
2026-04,S2C_48NUG_20260414_0_L2A,west_cargo,0.07111111111111111,0.20363636363636364,OK
2026-04,S2C_48NUG_20260414_0_L2A,east_cargo,0.07861750030424729,0.2304977485700377,OK
2026-04,S2C_48NUG_20260414_0_L2A,pax_t123,,0.37194623027469315,CLOUDY
2026-04,S2C_48NUG_20260414_0_L2A,pax_t4,,0.6745836745836746,CLOUDY
2026-05,S2C_48NUG_20260514_0_L2A,west_cargo,0.06666666666666667,0.1506060606060606,OK
2026-05,S2C_48NUG_20260514_0_L2A,east_cargo,0.07399294146282098,0.0014603870025556773,OK
2026-05,S2C_48NUG_20260514_0_L2A,pax_t123,0.059770114942528735,0.00015585427625170465,OK
2026-05,S2C_48NUG_20260514_0_L2A,pax_t4,0.062335062335062336,0.0,OK
2026-05,S2C_48NUG_20260524_0_L2A,west_cargo,,0.7896969696969697,CLOUDY
2026-05,S2C_48NUG_20260524_0_L2A,east_cargo,0.07265425337714494,0.10490446635024948,OK
2026-05,S2C_48NUG_20260524_0_L2A,pax_t123,,0.780518215468537,CLOUDY
2026-05,S2C_48NUG_20260524_0_L2A,pax_t4,0.04631904631904632,0.0,OK
2026-05,S2B_48NUG_20260519_0_L2A,west_cargo,0.0698989898989899,0.0,OK
2026-05,S2B_48NUG_20260519_0_L2A,east_cargo,0.0801995862236826,0.0,OK
2026-05,S2B_48NUG_20260519_0_L2A,pax_t123,0.06534190531852718,0.0,OK
2026-05,S2B_48NUG_20260519_0_L2A,pax_t4,0.0657020657020657,0.0,OK
2026-06,S2C_48NUG_20260613_0_L2A,west_cargo,0.08535353535353535,0.20020202020202021,OK
2026-06,S2C_48NUG_20260613_0_L2A,east_cargo,0.08117317755871972,0.0,OK
2026-06,S2C_48NUG_20260613_0_L2A,pax_t123,0.07909604519774012,0.08151178647964154,OK
2026-06,S2C_48NUG_20260613_0_L2A,pax_t4,0.0687050687050687,0.0,OK
2026-06,S2B_48NUG_20260618_0_L2A,west_cargo,,0.9185858585858586,CLOUDY
2026-06,S2B_48NUG_20260618_0_L2A,east_cargo,,1.0,CLOUDY
2026-06,S2B_48NUG_20260618_0_L2A,pax_t123,,0.942957334891876,CLOUDY
2026-06,S2B_48NUG_20260618_0_L2A,pax_t4,,0.8671398671398671,CLOUDY
2026-07,S2A_48NUG_20260705_0_L2A,west_cargo,0.06737373737373738,0.20363636363636364,OK
2026-07,S2A_48NUG_20260705_0_L2A,east_cargo,,0.3458683217719362,CLOUDY
2026-07,S2A_48NUG_20260705_0_L2A,pax_t123,0.08084940580557179,0.22372881355932203,OK
2026-07,S2A_48NUG_20260705_0_L2A,pax_t4,,0.7410137410137411,CLOUDY
2026-07,S2B_48NUG_20260728_0_L2A,west_cargo,,0.5585858585858586,CLOUDY
2026-07,S2B_48NUG_20260728_0_L2A,east_cargo,0.07715711330169162,0.2727272727272727,OK
2026-07,S2B_48NUG_20260728_0_L2A,pax_t123,,0.8158581726086109,CLOUDY
2026-07,S2B_48NUG_20260728_0_L2A,pax_t4,,0.7948857948857949,CLOUDY
2026-08,S2C_48NUG_20260822_0_L2A,west_cargo,0.07363636363636364,0.0,OK
2026-08,S2C_48NUG_20260822_0_L2A,east_cargo,0.05817208226846781,0.0,OK
2026-08,S2C_48NUG_20260822_0_L2A,pax_t123,0.07169296707578414,0.0003117085525034093,OK
2026-08,S2C_48NUG_20260822_0_L2A,pax_t4,0.06688506688506689,0.0,OK
2026-08,S2A_48NUG_20260814_0_L2A,west_cargo,,0.7376767676767677,CLOUDY
2026-08,S2A_48NUG_20260814_0_L2A,east_cargo,,0.9644639162711451,CLOUDY
2026-08,S2A_48NUG_20260814_0_L2A,pax_t123,,0.904461328657705,CLOUDY
2026-08,S2A_48NUG_20260814_0_L2A,pax_t4,,0.7874237874237874,CLOUDY
2026-08,S2B_48NUG_20260817_0_L2A,west_cargo,,0.927070707070707,CLOUDY
2026-08,S2B_48NUG_20260817_0_L2A,east_cargo,,0.871972739442619,CLOUDY
2026-08,S2B_48NUG_20260817_0_L2A,pax_t123,,0.9067212156633547,CLOUDY
2026-08,S2B_48NUG_20260817_0_L2A,pax_t4,,0.5522795522795523,CLOUDY
