month,actual,n_train,train_months,expanding_mean,persistence,seasonal12,stock,stock_movement,lag_stock,lag_stock_movement
2025-05,4878.139999999999,12,2024-02;2024-03;2024-04;2024-05;2024-06;2024-07;2024-08;2024-09;2024-10;2025-02;2025-03;2025-04,4481.749166666667,4404.44,4826.85,4416.942529843765,4453.153900731965,4444.034599472264,4448.111127150815
2025-06,4594.7300000000005,13,2024-02;2024-03;2024-04;2024-05;2024-06;2024-07;2024-08;2024-09;2024-10;2025-02;2025-03;2025-04;2025-05,4512.24076923077,4878.139999999999,4274.91,4596.1753281982465,4640.079585064938,4456.96715882512,4506.072041036855
2025-07,4918.04,14,2024-02;2024-03;2024-04;2024-05;2024-06;2024-07;2024-08;2024-09;2024-10;2025-02;2025-03;2025-04;2025-05;2025-06,4518.1328571428585,4594.7300000000005,4653.76,4485.955659545022,4461.256792072988,4434.412174259589,4424.617255923091
2025-08,4965.259999999999,15,2024-02;2024-03;2024-04;2024-05;2024-06;2024-07;2024-08;2024-09;2024-10;2025-02;2025-03;2025-04;2025-05;2025-06;2025-07,4544.793333333334,4918.04,4559.46,4529.725823223107,4517.680878385002,4399.358199693383,4413.567838065379
2025-10,4817.7300000000005,16,2024-02;2024-03;2024-04;2024-05;2024-06;2024-07;2024-08;2024-09;2024-10;2025-02;2025-03;2025-04;2025-05;2025-06;2025-07;2025-08,4571.0725,4765.08,4877.66,4656.876700233364,4679.077966141909,4654.623612049333,4691.58011813295
2025-12,5508.63,17,2024-02;2024-03;2024-04;2024-05;2024-06;2024-07;2024-08;2024-09;2024-10;2025-02;2025-03;2025-04;2025-05;2025-06;2025-07;2025-08;2025-10,4585.581764705882,4820.68,4790.03,4593.710390397438,4646.354292763068,4599.440805328846,4669.315545230655
2026-01,5228.070000000001,18,2024-02;2024-03;2024-04;2024-05;2024-06;2024-07;2024-08;2024-09;2024-10;2025-02;2025-03;2025-04;2025-05;2025-06;2025-07;2025-08;2025-10;2025-12,4636.862222222222,5508.63,4487.92,4883.904664056505,4927.700835783691,5093.769854478933,5204.28195217931
2026-02,4678.17,19,2024-02;2024-03;2024-04;2024-05;2024-06;2024-07;2024-08;2024-09;2024-10;2025-02;2025-03;2025-04;2025-05;2025-06;2025-07;2025-08;2025-10;2025-12;2026-01,4667.978421052632,5228.070000000001,4145.11,5054.702872250718,5078.1172632798025,5102.01578783299,5133.404155852605
2026-03,4765.39,20,2024-02;2024-03;2024-04;2024-05;2024-06;2024-07;2024-08;2024-09;2024-10;2025-02;2025-03;2025-04;2025-05;2025-06;2025-07;2025-08;2025-10;2025-12;2026-01;2026-02,4668.488,4678.17,4469.18,4836.712163898749,4848.454369776099,4769.57150861511,4773.347154810301
