path,date,month,bytes,mtime_ns,eligible,exclusion,track,lineage,grid,coverage,sea_area_km2,valid_area_km2,status,median_db,compact_count,compact_density,physical_count,physical_density,zone_array_sha256
experiments/data/openeo_strait/2023-10_openEO_2023-10-01Z.tif,2023-10-01,2023-10,119211341,1788856267807207454,True,,A-98-ASCENDING,catalogue_unique_track_not_asset_provenance,aabf410941608f0bc4f112d0ce4634e9c9ac4141185b2d76147b758e6a6e492a,0.8566797033031062,535.6443,458.8756,accepted,-16.214685440063477,119.0,25.9329543780493,54.0,11.767895263988757,4e136c9d8144e5e20141f3843bbab8211754f195e04eab03ab8ddb445669b7cf
experiments/data/openeo_strait/2023-10_openEO_2023-10-06Z.tif,2023-10-06,2023-10,257980257,1788856336633589099,True,,A-171-ASCENDING,catalogue_unique_track_not_asset_provenance,aabf410941608f0bc4f112d0ce4634e9c9ac4141185b2d76147b758e6a6e492a,0.7165955093706775,535.6443,383.8403,insufficient_valid_water,,,,,,
experiments/data/openeo_strait/2023-10_openEO_2023-10-07Z.tif,2023-10-07,2023-10,308438479,1788856432301131474,True,,A-18-DESCENDING,catalogue_unique_track_not_asset_provenance,aabf410941608f0bc4f112d0ce4634e9c9ac4141185b2d76147b758e6a6e492a,0.9995577288883687,535.6443,535.4074,accepted,-20.577207565307617,128.0,23.907028554330775,71.0,13.26092990123035,8ce1ef1170060844ec57bf66b2bd6b06403b0049e4348662aec30bf3df4d560b
experiments/data/openeo_strait/2023-10_openEO_2023-10-13Z.tif,2023-10-13,2023-10,118219500,1788856468763341387,True,,A-98-ASCENDING,catalogue_unique_track_not_asset_provenance,aabf410941608f0bc4f112d0ce4634e9c9ac4141185b2d76147b758e6a6e492a,0.8508207778930906,535.6443,455.7373,accepted,-16.9041748046875,148.0,32.474848997437775,50.0,10.971232769404654,606c79b8d5a1ad8ccf0cc161c11723d436044a06d29cc2e83a80e59e16c240ea
experiments/data/openeo_strait/2023-10_openEO_2023-10-18Z.tif,2023-10-18,2023-10,290108721,1788856539217751345,True,,A-171-ASCENDING,catalogue_unique_track_not_asset_provenance,aabf410941608f0bc4f112d0ce4634e9c9ac4141185b2d76147b758e6a6e492a,0.8142509870822857,535.6443,436.1489,accepted,-26.342580795288086,102.0,23.38650859832502,38.0,8.71262085035638,2390d4b1811f81024de96f2988b911b0819ad907f0eb56fae3f93c5dbdf73dac
experiments/data/openeo_strait/2023-10_openEO_2023-10-19Z.tif,2023-10-19,2023-10,308712070,1788856622337241568,True,,A-18-DESCENDING,catalogue_unique_track_not_asset_provenance,aabf410941608f0bc4f112d0ce4634e9c9ac4141185b2d76147b758e6a6e492a,0.9926884314833556,535.6443,531.7279,accepted,-22.312503814697266,108.0,20.311140340764517,34.0,6.394247885055496,ae32bb13b923aa8e40825a44f29c8971b3ff4feb19d47d0da7780d3d5577a65c
experiments/data/openeo_strait/2023-10_openEO_2023-10-25Z.tif,2023-10-25,2023-10,118300518,1788856658522456927,True,,A-98-ASCENDING,catalogue_unique_track_not_asset_provenance,aabf410941608f0bc4f112d0ce4634e9c9ac4141185b2d76147b758e6a6e492a,0.8524082119421414,535.6443,456.5876,accepted,-17.929189682006836,120.0,26.2819226803356,49.0,10.731785094470371,ba011a453cbe9792837a7c2d18a3537a4abb7afe902ee283d2054cc3b46ad44a
experiments/data/openeo_strait/2023-10_openEO_2023-10-30Z.tif,2023-10-30,2023-10,291470383,1788856734157910458,True,,A-171-ASCENDING,catalogue_unique_track_not_asset_provenance,aabf410941608f0bc4f112d0ce4634e9c9ac4141185b2d76147b758e6a6e492a,0.8370482053108751,535.6443,448.3601,accepted,-21.7116641998291,148.0,33.00918168231294,71.0,15.835485807055536,53d3bbfbd762ad0bf887ec6d267215038dc965ffe584bab2ba19e7429edba2c2
experiments/data/openeo_strait/2023-10_openEO_2023-10-31Z.tif,2023-10-31,2023-10,308296366,1788856840646555727,True,,A-18-DESCENDING,catalogue_unique_track_not_asset_provenance,aabf410941608f0bc4f112d0ce4634e9c9ac4141185b2d76147b758e6a6e492a,0.977429238022322,535.6443,523.5544,accepted,-23.104766845703125,105.0,20.055222532749223,41.0,7.831086893740173,64fd060e24fa21717caa00f6b5df5a96a2e3849b2bf2de31154d295bfc4d4301
experiments/data/openeo_strait/2024-01_openEO_2024-01-05Z.tif,2024-01-05,2024-01,119893407,1788835246903857137,True,,A-98-ASCENDING,catalogue_unique_track_not_asset_provenance,aabf410941608f0bc4f112d0ce4634e9c9ac4141185b2d76147b758e6a6e492a,0.8549595319132491,535.6443,457.9542,accepted,-13.625736236572266,153.0,33.40945448256616,61.0,13.320109303506769,e912b348c79bce64e86117beca81d8db916883c9d814f0d23a277d9d091272e1
experiments/data/openeo_strait/2024-01_openEO_2024-01-10Z.tif,2024-01-10,2024-01,291567423,1788835336698849296,True,,A-171-ASCENDING,catalogue_unique_track_not_asset_provenance,aabf410941608f0bc4f112d0ce4634e9c9ac4141185b2d76147b758e6a6e492a,0.8424881959912577,535.6443,451.274,accepted,-21.58701515197754,157.0,34.79039341951896,62.0,13.73888147777182,7eb2bdde8ba46345724147a869440f01f66afb2d51fbf0eee931007d1d9278d2
experiments/data/openeo_strait/2024-01_openEO_2024-01-11Z.tif,2024-01-11,2024-01,308394505,1788835435182937849,True,,A-18-DESCENDING,catalogue_unique_track_not_asset_provenance,aabf410941608f0bc4f112d0ce4634e9c9ac4141185b2d76147b758e6a6e492a,0.9999983197804961,535.6443,535.6434,accepted,-18.40752410888672,176.0,32.857681061691416,75.0,14.001852725152592,86d5a7130768b6471aeda92e0142d97fc7411a8821cd7257ed236b0fab522e90
experiments/data/openeo_strait/2024-01_openEO_2024-01-17Z.tif,2024-01-17,2024-01,118839633,1788835471713341712,True,,A-98-ASCENDING,catalogue_unique_track_not_asset_provenance,aabf410941608f0bc4f112d0ce4634e9c9ac4141185b2d76147b758e6a6e492a,0.8514221097844222,535.6443,456.0594,accepted,-14.858535766601562,164.0,35.96022798784544,61.0,13.375450654015683,cb309cb80ff8e11bf0d0464f2cb94921b79ca110d541628692c0a75b96ddd399
experiments/data/openeo_strait/2024-01_openEO_2024-01-22Z.tif,2024-01-22,2024-01,289922603,1788835562565346318,True,,A-171-ASCENDING,catalogue_unique_track_not_asset_provenance,aabf410941608f0bc4f112d0ce4634e9c9ac4141185b2d76147b758e6a6e492a,0.8383386138898519,535.6443,449.0513,accepted,-21.835140228271484,156.0,34.73990610872299,65.0,14.47496087863458,05c047b0c5b56a37a96611dcc9b35ac5d748ebef93adc09fb865a42adeae41af
experiments/data/openeo_strait/2024-01_openEO_2024-01-23Z.tif,2024-01-23,2024-01,308343235,1788835638679188141,True,,A-18-DESCENDING,catalogue_unique_track_not_asset_provenance,aabf410941608f0bc4f112d0ce4634e9c9ac4141185b2d76147b758e6a6e492a,0.990989356182825,535.6443,530.8178,accepted,-23.953659057617188,49.0,9.231039350978811,21.0,3.9561597218480613,70a1e8c3b85b957626907557766c5fdae8149fa21ed8d84f1234a5dbae4d732f
experiments/data/openeo_strait/2024-01_openEO_2024-01-29Z.tif,2024-01-29,2024-01,120094770,1788835682510672979,True,,A-98-ASCENDING,catalogue_unique_track_not_asset_provenance,aabf410941608f0bc4f112d0ce4634e9c9ac4141185b2d76147b758e6a6e492a,0.8582113167264172,535.6443,459.696,accepted,-14.089508056640625,130.0,28.279558664856776,47.0,10.224148132678987,7e0f6f0262c1b433d068f3057eed56f84337f783209209ce8e9976199840daf0
experiments/data/openeo_strait/2024-02_openEO_2024-02-03Z.tif,2024-02-03,2024-02,289877204,1788836539212611563,True,,A-171-ASCENDING,catalogue_unique_track_not_asset_provenance,aabf410941608f0bc4f112d0ce4634e9c9ac4141185b2d76147b758e6a6e492a,0.8398595859229716,535.6443,449.866,accepted,-21.956249237060547,151.0,33.56555063063224,68.0,15.115612204523124,2e2af9d94b32ecf368fde98ed1db165c684e82bdd3f79461a4c167e393086e3b
experiments/data/openeo_strait/2024-02_openEO_2024-02-04Z.tif,2024-02-04,2024-02,308595649,1788836607045102636,True,,A-18-DESCENDING,catalogue_unique_track_not_asset_provenance,aabf410941608f0bc4f112d0ce4634e9c9ac4141185b2d76147b758e6a6e492a,0.9999563142928992,535.6443,535.6209,accepted,-19.539596557617188,187.0,34.91275265770996,69.0,12.882245633058757,4eff6838e2578f16a017285c9898228db34a3c6866e0c94c46be48be38c4c16a
experiments/data/openeo_strait/2024-02_openEO_2024-02-10Z.tif,2024-02-10,2024-02,118932080,1788836655151393816,True,,A-98-ASCENDING,catalogue_unique_track_not_asset_provenance,aabf410941608f0bc4f112d0ce4634e9c9ac4141185b2d76147b758e6a6e492a,0.8563636353453216,535.6443,458.7063,accepted,-15.338286399841309,132.0,28.77658318623485,43.0,9.374189977334082,22fc590a17c280af4ef35d20508ce2aeb88b182c614f37b4159f2dab3c636d57
experiments/data/openeo_strait/2024-02_openEO_2024-02-15Z.tif,2024-02-15,2024-02,291452815,1788836735177334320,True,,A-171-ASCENDING,catalogue_unique_track_not_asset_provenance,aabf410941608f0bc4f112d0ce4634e9c9ac4141185b2d76147b758e6a6e492a,0.8377695795512059,535.6443,448.7465,accepted,-20.31719970703125,174.0,38.774675679921735,71.0,15.821850421117489,eebad36f7356c21d9f2b0c40b1e12c1208c67cc751bf1b62304b4dc028198933
experiments/data/openeo_strait/2024-02_openEO_2024-02-16Z.tif,2024-02-16,2024-02,308701375,1788836813111583706,True,,A-18-DESCENDING,catalogue_unique_track_not_asset_provenance,aabf410941608f0bc4f112d0ce4634e9c9ac4141185b2d76147b758e6a6e492a,0.9999915989024806,535.6443,535.6398,accepted,-18.991722106933594,189.0,35.28490601333209,68.0,12.695098459823187,0ad96b20ef100729c95bdbbf93e9c22ceab1defd96a4ec6b9970652f69b9ea50
experiments/data/openeo_strait/2024-02_openEO_2024-02-22Z.tif,2024-02-22,2024-02,103838825,1788836850959348310,True,,A-98-ASCENDING,catalogue_unique_track_not_asset_provenance,aabf410941608f0bc4f112d0ce4634e9c9ac4141185b2d76147b758e6a6e492a,0.8574744471284396,535.6443,459.3013,accepted,-15.554716110229492,144.0,31.351968740345388,46.0,10.015212236499222,088ebd68cf7574a737acbf160915709646eb7a8baa94e68d8530d45f3510fcec
experiments/data/openeo_strait/2024-02_openEO_2024-02-27Z.tif,2024-02-27,2024-02,291098949,1788836932150334396,True,,A-171-ASCENDING,catalogue_unique_track_not_asset_provenance,aabf410941608f0bc4f112d0ce4634e9c9ac4141185b2d76147b758e6a6e492a,0.8370261757662688,535.6443,448.3483,accepted,-21.030189514160156,127.0,28.32619193604615,62.0,13.82853464594379,cac1398899ff7ee18ca56f0b7b2d0c9636752a1444b0dc5b01d03b785428fdee
experiments/data/openeo_strait/2024-02_openEO_2024-02-28Z.tif,2024-02-28,2024-02,308714750,1788837010637129079,True,,A-18-DESCENDING,catalogue_unique_track_not_asset_provenance,aabf410941608f0bc4f112d0ce4634e9c9ac4141185b2d76147b758e6a6e492a,0.9999943992683205,535.6443,535.6413,accepted,-18.933223724365234,165.0,30.804196763767095,72.0,13.441831315098367,fe4dc68ba395f1c4983e1b87c839ee560cff008113a5d7e18d7883241581c9a0
experiments/data/openeo_strait/2024-03_openEO_2024-03-05Z.tif,2024-03-05,2024-03,118474189,1788838183047799256,True,,A-98-ASCENDING,catalogue_unique_track_not_asset_provenance,aabf410941608f0bc4f112d0ce4634e9c9ac4141185b2d76147b758e6a6e492a,0.8547560386622242,535.6443,457.8452,accepted,-18.313631057739258,125.0,27.301804190586687,39.0,8.518162907463047,4eefd2e64ece03d3a3855b11abc381eab9b4f1806fe3a997f4825c6017ea9522
experiments/data/openeo_strait/2024-03_openEO_2024-03-10Z.tif,2024-03-10,2024-03,276644059,1788838277232523691,True,,A-171-ASCENDING,catalogue_unique_track_not_asset_provenance,aabf410941608f0bc4f112d0ce4634e9c9ac4141185b2d76147b758e6a6e492a,0.8383933143692559,535.6443,449.0806,accepted,-20.43552017211914,153.0,34.069607994645054,60.0,13.360630586135317,911d33950cdfabcc72249ae88ab6153d1a2eebed3da9aff22a50eb7e551b1891
experiments/data/openeo_strait/2024-03_openEO_2024-03-11Z.tif,2024-03-11,2024-03,308407291,1788838382384465788,True,,A-18-DESCENDING,catalogue_unique_track_not_asset_provenance,aabf410941608f0bc4f112d0ce4634e9c9ac4141185b2d76147b758e6a6e492a,0.9999923456667046,535.6443,535.6402,accepted,-19.130462646484375,140.0,26.13694789898144,66.0,12.321704009519822,d7d7a002d496e916e809f5088e8fa4792491f9fe8186002d055b95732407b634
experiments/data/openeo_strait/2024-03_openEO_2024-03-17Z.tif,2024-03-17,2024-03,119384800,1788838413286039010,True,,A-98-ASCENDING,catalogue_unique_track_not_asset_provenance,aabf410941608f0bc4f112d0ce4634e9c9ac4141185b2d76147b758e6a6e492a,0.8569679542935489,535.6443,459.03,accepted,-14.967399597167969,143.0,31.152647975077883,65.0,14.160294534126312,bf6c05cbde0ad342768b011735471f952c5ecf5a9910cf521b64c9c6df491b3b
experiments/data/openeo_strait/2024-03_openEO_2024-03-22Z.tif,2024-03-22,2024-03,273514975,1788838474246024786,True,,A-171-ASCENDING,catalogue_unique_track_not_asset_provenance,aabf410941608f0bc4f112d0ce4634e9c9ac4141185b2d76147b758e6a6e492a,0.7039807947176886,535.6443,377.0833,insufficient_valid_water,,,,,,
experiments/data/openeo_strait/2024-03_openEO_2024-03-23Z.tif,2024-03-23,2024-03,308216965,1788838576088792793,True,,A-18-DESCENDING,catalogue_unique_track_not_asset_provenance,aabf410941608f0bc4f112d0ce4634e9c9ac4141185b2d76147b758e6a6e492a,0.9999755434716658,535.6443,535.6312,accepted,-19.79224967956543,136.0,25.390604580166354,64.0,11.948519802431225,4502efe553a3e833793ae9595bfe71e901a23eddde1ebe7db6f411b9695a2c85
experiments/data/openeo_strait/2024-03_openEO_2024-03-29Z.tif,2024-03-29,2024-03,118363992,1788838649453838061,True,,A-98-ASCENDING,catalogue_unique_track_not_asset_provenance,aabf410941608f0bc4f112d0ce4634e9c9ac4141185b2d76147b758e6a6e492a,0.8569464848221104,535.6443,459.0185,accepted,-14.003856658935547,155.0,33.76770217322395,46.0,10.021382580440658,c159a4ad2f9be159392e5baccc9209609e456dd7fbe71347ace2f805285f9329
experiments/data/openeo_strait/2024-04_openEO_2024-04-03Z.tif,2024-04-03,2024-04,289369938,1788839648100558441,True,,A-171-ASCENDING,catalogue_unique_track_not_asset_provenance,aabf410941608f0bc4f112d0ce4634e9c9ac4141185b2d76147b758e6a6e492a,0.8353263537015142,535.6443,447.4378,accepted,-23.6260986328125,119.0,26.595875449056834,62.0,13.856674603710282,90055ee7c5f67c443ddc180d71b76fb7c576ade1cb6be3beb8efd2b12d07bc80
experiments/data/openeo_strait/2024-04_openEO_2024-04-04Z.tif,2024-04-04,2024-04,308074194,1788839728096690488,True,,A-18-DESCENDING,catalogue_unique_track_not_asset_provenance,aabf410941608f0bc4f112d0ce4634e9c9ac4141185b2d76147b758e6a6e492a,0.9986169926572541,535.6443,534.9035,accepted,-22.21493911743164,85.0,15.89071673675719,55.0,10.28222847672524,acbcff041a79ea13a43940dd14f4699a61de25b5fbc1304c737c3b06b93b255a
experiments/data/openeo_strait/2024-04_openEO_2024-04-10Z.tif,2024-04-10,2024-04,116730146,1788839760894161120,True,,A-98-ASCENDING,catalogue_unique_track_not_asset_provenance,aabf410941608f0bc4f112d0ce4634e9c9ac4141185b2d76147b758e6a6e492a,0.8417332173608494,535.6443,450.8696,accepted,-15.661932945251465,120.0,26.61523420518926,41.0,9.093538353439664,c913fab67ef6723be52a74002b3e06b35a3842044d8473307f8267a9d21c11f4
experiments/data/openeo_strait/2024-04_openEO_2024-04-15Z.tif,2024-04-15,2024-04,291597132,1788839839482302410,True,,A-171-ASCENDING,catalogue_unique_track_not_asset_provenance,aabf410941608f0bc4f112d0ce4634e9c9ac4141185b2d76147b758e6a6e492a,0.8474543647715471,535.6443,453.9341,accepted,-21.235240936279297,162.0,35.687999645763554,71.0,15.641036881785265,de8e07b3faed123914c208024b9c1d90c0f02a02197af8ae4a5c14d701752335
experiments/data/openeo_strait/2024-04_openEO_2024-04-16Z.tif,2024-04-16,2024-04,308292311,1788839917022445082,True,,A-18-DESCENDING,catalogue_unique_track_not_asset_provenance,aabf410941608f0bc4f112d0ce4634e9c9ac4141185b2d76147b758e6a6e492a,0.9633012056695087,535.6443,515.9868,accepted,-26.09600830078125,39.0,7.558332887585497,11.0,2.1318374811138576,fde274c7d91b176e0aed4c25217ed3e81ba65e6a4350de733e7e92a521c77310
experiments/data/openeo_strait/2024-04_openEO_2024-04-22Z.tif,2024-04-22,2024-04,117194259,1788839958121056615,True,,A-98-ASCENDING,catalogue_unique_track_not_asset_provenance,aabf410941608f0bc4f112d0ce4634e9c9ac4141185b2d76147b758e6a6e492a,0.8524175464949407,535.6443,456.5926,accepted,-17.562963485717773,128.0,28.033743867070992,37.0,8.10350408657521,6c35a156b523a76c75fd4f01021fd76629176406ebac860ab41c01c4ddbe8fa8
experiments/data/openeo_strait/2024-04_openEO_2024-04-27Z.tif,2024-04-27,2024-04,289465697,1788840037008240444,True,,A-171-ASCENDING,catalogue_unique_track_not_asset_provenance,aabf410941608f0bc4f112d0ce4634e9c9ac4141185b2d76147b758e6a6e492a,0.8369475788316986,535.6443,448.3062,accepted,-22.441646575927734,136.0,30.336408463679515,58.0,12.937585962451555,9311b22a89d3a9f52a9bce3a03e4c5f56b0f8affaaa832c67497986b2e0e64ee
experiments/data/openeo_strait/2024-04_openEO_2024-04-28Z.tif,2024-04-28,2024-04,308134248,1788840113740403095,True,,A-18-DESCENDING,catalogue_unique_track_not_asset_provenance,aabf410941608f0bc4f112d0ce4634e9c9ac4141185b2d76147b758e6a6e492a,0.9991115372645616,535.6443,535.1684,accepted,-21.031246185302734,145.0,27.094275372013744,41.0,7.661139932776299,23c129303746b420aa28099edd3a4a8d6b3323988a46045f17ebb79e5c9de496
experiments/data/openeo_strait/2024-05_openEO_2024-05-04Z.tif,2024-05-04,2024-05,118216147,1788841190661904414,True,,A-98-ASCENDING,catalogue_unique_track_not_asset_provenance,aabf410941608f0bc4f112d0ce4634e9c9ac4141185b2d76147b758e6a6e492a,0.8568680745785963,535.6443,458.9765,accepted,-16.32621955871582,157.0,34.206544343773594,45.0,9.804423538024277,d31a8b78a5a0b3d149fb27b24593786579453ca157609592a6f5a07aa3989c3d
experiments/data/openeo_strait/2024-05_openEO_2024-05-09Z.tif,2024-05-09,2024-05,224149459,1788841239287221668,True,,A-171-ASCENDING,catalogue_unique_track_not_asset_provenance,aabf410941608f0bc4f112d0ce4634e9c9ac4141185b2d76147b758e6a6e492a,0.43487198500945495,535.6443,232.9367,insufficient_valid_water,,,,,,
experiments/data/openeo_strait/2024-05_openEO_2024-05-16Z.tif,2024-05-16,2024-05,118039899,1788841266813413567,True,,A-98-ASCENDING,catalogue_unique_track_not_asset_provenance,aabf410941608f0bc4f112d0ce4634e9c9ac4141185b2d76147b758e6a6e492a,0.8473636329183378,535.6443,453.8855,accepted,-18.770105361938477,83.0,18.28655024229679,35.0,7.711195885305876,aebb5bef9d30be6869980171965b36d8a3d2d611427c523bca2499a9875170cf
experiments/data/openeo_strait/2024-05_openEO_2024-05-21Z.tif,2024-05-21,2024-05,290212044,1788841346826017028,True,,A-171-ASCENDING,catalogue_unique_track_not_asset_provenance,aabf410941608f0bc4f112d0ce4634e9c9ac4141185b2d76147b758e6a6e492a,0.8406042965453007,535.6443,450.2649,accepted,-24.683917999267578,93.0,20.65450804626343,47.0,10.438299765315929,63189d7302a37c6663c939f5fae39715cd4428cf423eb6f0aa062f76f7dffbab
experiments/data/openeo_strait/2024-05_openEO_2024-05-28Z.tif,2024-05-28,2024-05,118344816,1788841377431264275,True,,A-98-ASCENDING,catalogue_unique_track_not_asset_provenance,aabf410941608f0bc4f112d0ce4634e9c9ac4141185b2d76147b758e6a6e492a,0.8446857364112714,535.6443,452.4511,accepted,-19.216888427734375,83.0,18.344523861252632,33.0,7.293605872546227,fa6705ae66f18ae330257f736d384af95c511ecaaea0f0ac4d792e491ba8b73a
experiments/data/openeo_strait/2024-06_openEO_2024-06-02Z.tif,2024-06-02,2024-06,271713680,1788842428661636342,True,,A-171-ASCENDING,catalogue_unique_track_not_asset_provenance,aabf410941608f0bc4f112d0ce4634e9c9ac4141185b2d76147b758e6a6e492a,0.7148869128262916,535.6443,382.9251,insufficient_valid_water,,,,,,
experiments/data/openeo_strait/2024-06_openEO_2024-06-09Z.tif,2024-06-09,2024-06,117861186,1788842463558061227,True,,A-98-ASCENDING,catalogue_unique_track_not_asset_provenance,aabf410941608f0bc4f112d0ce4634e9c9ac4141185b2d76147b758e6a6e492a,0.8532027690764188,535.6443,457.0132,accepted,-16.759626388549805,122.0,26.695071389622882,43.0,9.408918604539213,cfe8231d8c401ac13d11de2605ae323ee9a7c0fe23cd24efcefbc16e487721a0
experiments/data/openeo_strait/2024-06_openEO_2024-06-14Z.tif,2024-06-14,2024-06,270507673,1788842519809748813,True,,A-171-ASCENDING,catalogue_unique_track_not_asset_provenance,aabf410941608f0bc4f112d0ce4634e9c9ac4141185b2d76147b758e6a6e492a,0.6917288207864809,535.6443,370.5206,insufficient_valid_water,,,,,,
experiments/data/openeo_strait/2024-06_openEO_2024-06-21Z.tif,2024-06-21,2024-06,118710785,1788842554493969176,True,,A-98-ASCENDING,catalogue_unique_track_not_asset_provenance,aabf410941608f0bc4f112d0ce4634e9c9ac4141185b2d76147b758e6a6e492a,0.8547226209632026,535.6443,457.8273,accepted,-15.590612411499023,138.0,30.14237027805026,52.0,11.357994597526186,9f3c2ac7f972f74d8eab3f7dc47f21a4c428c13ff158b22f28f14b7cc6822a63
experiments/data/openeo_strait/2024-06_openEO_2024-06-26Z.tif,2024-06-26,2024-06,290112929,1788842618112382543,True,,A-171-ASCENDING,catalogue_unique_track_not_asset_provenance,aabf410941608f0bc4f112d0ce4634e9c9ac4141185b2d76147b758e6a6e492a,0.8419482854573455,535.6443,450.9848,accepted,-21.866668701171875,135.0,29.934490031593082,66.0,14.634639571001063,d3a857fda7a322b472297f21edc8ffd7d1b0b8404f727565c7b9d0a368ecd03e
experiments/data/openeo_strait/2024-07_openEO_2024-07-03Z.tif,2024-07-03,2024-07,118291374,1788843310228715058,True,,A-98-ASCENDING,catalogue_unique_track_not_asset_provenance,aabf410941608f0bc4f112d0ce4634e9c9ac4141185b2d76147b758e6a6e492a,0.8521123066184033,535.6443,456.4291,accepted,-15.96221923828125,152.0,33.301995863103386,57.0,12.488248448663768,e7382225fd2a245d9515dc4195f4a0ffa19274f30b83af844cb32fb20d9731e7
experiments/data/openeo_strait/2024-07_openEO_2024-07-08Z.tif,2024-07-08,2024-07,290226244,1788843427889983093,True,,A-171-ASCENDING,catalogue_unique_track_not_asset_provenance,aabf410941608f0bc4f112d0ce4634e9c9ac4141185b2d76147b758e6a6e492a,0.8382333201342757,535.6443,448.9949,accepted,-22.041767120361328,139.0,30.958035380802766,57.0,12.69502170291912,e263bcd8bb7dad2630c2393f00ae5da909d0f68da459774c266c45cc2ff8d05d
experiments/data/openeo_strait/2024-07_openEO_2024-07-15Z.tif,2024-07-15,2024-07,119045554,1788843480937564538,True,,A-98-ASCENDING,catalogue_unique_track_not_asset_provenance,aabf410941608f0bc4f112d0ce4634e9c9ac4141185b2d76147b758e6a6e492a,0.8564805039463689,535.6443,458.7689,accepted,-15.724199295043945,110.0,23.977213799802037,58.0,12.642530912622894,4aca9001c512d8fe92c5238823b7f3fb0d99d4e7711de17cd21ecdf8ef6eda8e
experiments/data/openeo_strait/2024-07_openEO_2024-07-20Z.tif,2024-07-20,2024-07,290663141,1788843554429378606,True,,A-171-ASCENDING,catalogue_unique_track_not_asset_provenance,aabf410941608f0bc4f112d0ce4634e9c9ac4141185b2d76147b758e6a6e492a,0.8410346194293489,535.6443,450.4954,accepted,-22.113130569458008,120.0,26.637341912925194,66.0,14.650538052108855,4163bb1a18d1fe21ecbe177cda74d5c27dbcc0e29ad453439735a1db66083c4d
experiments/data/openeo_strait/2024-07_openEO_2024-07-27Z.tif,2024-07-27,2024-07,117919518,1788843584970719543,True,,A-98-ASCENDING,catalogue_unique_track_not_asset_provenance,aabf410941608f0bc4f112d0ce4634e9c9ac4141185b2d76147b758e6a6e492a,0.8501098583518951,535.6443,455.3565,accepted,-15.482401847839355,119.0,26.133370227503068,48.0,10.541191352270145,044514db4a666a1ed47268249663dc1499cd828be3d7e892c84b2afd9e7d8443
experiments/data/openeo_strait/2024-08_openEO_2024-08-01Z.tif,2024-08-01,2024-08,289204374,1788844353714606844,True,,A-171-ASCENDING,catalogue_unique_track_not_asset_provenance,aabf410941608f0bc4f112d0ce4634e9c9ac4141185b2d76147b758e6a6e492a,0.8358485285851077,535.6443,447.7175,accepted,-22.59967613220215,127.0,28.366101392060845,53.0,11.837821840781297,8f3c0e9672b6b417d3ccfd8b27bf89f09181115480f3a96c11e2478205c58dc0
experiments/data/openeo_strait/2024-08_openEO_2024-08-08Z.tif,2024-08-08,2024-08,118431470,1788844389474028635,True,,A-98-ASCENDING,catalogue_unique_track_not_asset_provenance,aabf410941608f0bc4f112d0ce4634e9c9ac4141185b2d76147b758e6a6e492a,0.855056611262362,535.6443,458.0062,accepted,-15.398107528686523,118.0,25.763843371552614,51.0,11.135220440247316,f0aeef3ec5d032b5dbd879ced22e3e40efc6fadbde352ef2d06c3bda9616b5a0
experiments/data/openeo_strait/2024-08_openEO_2024-08-13Z.tif,2024-08-13,2024-08,291103340,1788844498599318173,True,,A-171-ASCENDING,catalogue_unique_track_not_asset_provenance,aabf410941608f0bc4f112d0ce4634e9c9ac4141185b2d76147b758e6a6e492a,0.8428145319571215,535.6443,451.4488,accepted,-20.79985237121582,161.0,35.66295890032269,74.0,16.39167055045888,278103560bb38fc83eb485036d9d877059ecd256c82c279ff84cc52ebcf74f13
experiments/data/openeo_strait/2024-08_openEO_2024-08-14Z.tif,2024-08-14,2024-08,307972921,1788844567298131588,True,,A-18-DESCENDING,catalogue_unique_track_not_asset_provenance,aabf410941608f0bc4f112d0ce4634e9c9ac4141185b2d76147b758e6a6e492a,0.9994948140025013,535.6443,535.3737,accepted,-20.171945571899414,161.0,30.07245219554117,69.0,12.888193798089073,b591bbd5aaead595d8e825c0f8484ca637750234523461fb3f80d84835c6f9e0
experiments/data/openeo_strait/2024-08_openEO_2024-08-20Z.tif,2024-08-20,2024-08,118975191,1788844599367061097,True,,A-98-ASCENDING,catalogue_unique_track_not_asset_provenance,aabf410941608f0bc4f112d0ce4634e9c9ac4141185b2d76147b758e6a6e492a,0.8568589267168529,535.6443,458.9716,accepted,-16.41851806640625,101.0,22.00571887236596,40.0,8.715136187075627,f20a776e16c8aacdc84cdc33af698056555b9a1c68539eb56a22071ef6b0935f
experiments/data/openeo_strait/2024-08_openEO_2024-08-25Z.tif,2024-08-25,2024-08,289266685,1788844702297870968,True,,A-171-ASCENDING,catalogue_unique_track_not_asset_provenance,aabf410941608f0bc4f112d0ce4634e9c9ac4141185b2d76147b758e6a6e492a,0.8337236109858726,535.6443,446.5793,accepted,-23.532855987548828,108.0,24.18383476350113,53.0,11.86799298579222,0a9470a2931d445ed728506a25c0221eccebe1fd92477985721b3aa7083a6a1e
experiments/data/openeo_strait/2024-08_openEO_2024-08-26Z.tif,2024-08-26,2024-08,307692159,1788844780489879971,True,,A-18-DESCENDING,catalogue_unique_track_not_asset_provenance,aabf410941608f0bc4f112d0ce4634e9c9ac4141185b2d76147b758e6a6e492a,0.9896909198884409,535.6443,530.1223,accepted,-22.025415420532227,86.0,16.222671636337502,34.0,6.413614367854362,916d1e7e44f64148fbe4902dab4b768f8f9b609b719906ff2c06a27d75158575
experiments/data/openeo_strait/2024-09_openEO_2024-09-06Z.tif,2024-09-06,2024-09,290303627,1788845760664807609,True,,A-171-ASCENDING,catalogue_unique_track_not_asset_provenance,aabf410941608f0bc4f112d0ce4634e9c9ac4141185b2d76147b758e6a6e492a,0.8388475337084703,535.6443,449.3239,accepted,-22.157194137573242,129.0,28.70980154850432,60.0,13.353396069071778,f9227930e24b74fa06f47c52d29d9674dad3dcbaa959d68bd58cf274366cf094
experiments/data/openeo_strait/2024-09_openEO_2024-09-13Z.tif,2024-09-13,2024-09,118803853,1788845831541439810,True,,A-98-ASCENDING,catalogue_unique_track_not_asset_provenance,aabf410941608f0bc4f112d0ce4634e9c9ac4141185b2d76147b758e6a6e492a,0.8573418964786893,535.6443,459.2303,accepted,-16.795204162597656,130.0,28.30823662985652,49.0,10.670027652792074,5a4d2e75a28646ce463695967848a93f40835b506a1740d599169876c7b7d017
experiments/data/openeo_strait/2024-09_openEO_2024-09-18Z.tif,2024-09-18,2024-09,274583661,1788845915166200714,True,,A-171-ASCENDING,catalogue_unique_track_not_asset_provenance,aabf410941608f0bc4f112d0ce4634e9c9ac4141185b2d76147b758e6a6e492a,0.8371027190992231,535.6443,448.3893,accepted,-22.568580627441406,140.0,31.222868163892404,61.0,13.604249699981692,e6bd5a536ff1d622a4e5be27c011f6a435c7c055d522e9cd25675c1aa6ed8df8
experiments/data/openeo_strait/2024-09_openEO_2024-09-19Z.tif,2024-09-19,2024-09,307777102,1788845994223932881,True,,A-18-DESCENDING,catalogue_unique_track_not_asset_provenance,aabf410941608f0bc4f112d0ce4634e9c9ac4141185b2d76147b758e6a6e492a,0.9999966395609923,535.6443,535.6425,accepted,-18.265573501586914,172.0,32.11096953658456,67.0,12.508342784599801,3fac356d0e8c2473da75041da6858c3859695a539ea423c45def3aff01b24b77
experiments/data/openeo_strait/2024-09_openEO_2024-09-25Z.tif,2024-09-25,2024-09,118192104,1788846026092231122,True,,A-98-ASCENDING,catalogue_unique_track_not_asset_provenance,aabf410941608f0bc4f112d0ce4634e9c9ac4141185b2d76147b758e6a6e492a,0.8541155016491354,535.6443,457.5021,accepted,-17.132545471191406,135.0,29.50806127447284,52.0,11.366068046463612,0c1b53630e25b20531f43ffcd68829682da669c67365696ae6c4afa6fc86daee
experiments/data/openeo_strait/2024-09_openEO_2024-09-30Z.tif,2024-09-30,2024-09,289329845,1788846115344074734,True,,A-171-ASCENDING,catalogue_unique_track_not_asset_provenance,aabf410941608f0bc4f112d0ce4634e9c9ac4141185b2d76147b758e6a6e492a,0.8389274374804324,535.6443,449.3667,accepted,-24.066293716430664,112.0,24.923965215936118,58.0,12.90705341539549,cb39fc2bf8ad50aff6c65a1ed40d5d52731e844f11e165de1b05cdc17c6e3da8
experiments/data/openeo_strait/2024-10_openEO_2024-10-01Z.tif,2024-10-01,2024-10,307868629,1788846906080199534,True,,A-18-DESCENDING,catalogue_unique_track_not_asset_provenance,aabf410941608f0bc4f112d0ce4634e9c9ac4141185b2d76147b758e6a6e492a,0.9995917066605582,535.6443,535.4256,accepted,-20.85110855102539,163.0,30.44307182921399,63.0,11.766340645647126,d11a68c2dba23fb9906af4dba5adacfc7a359c96a620c1935f497b628dd7ec56
experiments/data/openeo_strait/2024-10_openEO_2024-10-07Z.tif,2024-10-07,2024-10,119719889,1788846953674720409,True,,A-98-ASCENDING,catalogue_unique_track_not_asset_provenance,aabf410941608f0bc4f112d0ce4634e9c9ac4141185b2d76147b758e6a6e492a,0.861437338173859,535.6443,461.424,accepted,-16.41357421875,124.0,26.873331252817366,50.0,10.836020666458616,fbf85366fab56706a25c37869f8a3ada3cdb1f7094952b8d41969c0e9f6ee174
experiments/data/openeo_strait/2024-10_openEO_2024-10-12Z.tif,2024-10-12,2024-10,287441339,1788847020733450451,True,,A-171-ASCENDING,catalogue_unique_track_not_asset_provenance,aabf410941608f0bc4f112d0ce4634e9c9ac4141185b2d76147b758e6a6e492a,0.8034751793307611,535.6443,430.3769,accepted,-27.1788387298584,64.0,14.87068660051225,34.0,7.900052256522133,b872132b5da249f4a858b59db92d0b6a86cbb2d74bf278732d2a5cf902afc5f0
experiments/data/openeo_strait/2024-10_openEO_2024-10-13Z.tif,2024-10-13,2024-10,307738688,1788847080986102892,True,,A-18-DESCENDING,catalogue_unique_track_not_asset_provenance,aabf410941608f0bc4f112d0ce4634e9c9ac4141185b2d76147b758e6a6e492a,0.9999296174718932,535.6443,535.6066,accepted,-19.756940841674805,150.0,28.005629504938888,66.0,12.32247698217311,1b477c270dd1b8d3ced00c3d68e53298d18167bc91f2c2d3935107be3c1b4c42
experiments/data/openeo_strait/2024-10_openEO_2024-10-19Z.tif,2024-10-19,2024-10,118252940,1788847114825468001,True,,A-98-ASCENDING,catalogue_unique_track_not_asset_provenance,aabf410941608f0bc4f112d0ce4634e9c9ac4141185b2d76147b758e6a6e492a,0.8546714676138624,535.6443,457.7999,accepted,-16.48825454711914,150.0,32.765406895021165,58.0,12.66929066607485,bcfe4a9bb4dd1f9bf669a022703c34539185d736ab30bf1f77cd435e6442fe9d
experiments/data/openeo_strait/2024-10_openEO_2024-10-24Z.tif,2024-10-24,2024-10,290189461,1788847189347269115,True,,A-171-ASCENDING,catalogue_unique_track_not_asset_provenance,aabf410941608f0bc4f112d0ce4634e9c9ac4141185b2d76147b758e6a6e492a,0.847375021072753,535.6443,453.8916,accepted,-22.021835327148438,155.0,34.1491228302088,81.0,17.845670640302664,8b3cb3f747d328881b60ff685a8b3f306e1448a02157d1ffbc6d788e585293b2
experiments/data/openeo_strait/2024-10_openEO_2024-10-25Z.tif,2024-10-25,2024-10,307600510,1788847276293199276,True,,A-18-DESCENDING,catalogue_unique_track_not_asset_provenance,aabf410941608f0bc4f112d0ce4634e9c9ac4141185b2d76147b758e6a6e492a,0.9999940258862084,535.6443,535.6411,accepted,-17.867216110229492,212.0,39.57874031697717,75.0,14.001912847987205,4ba811ae6f34b4654a04375fb71669153997744b34be383e494c004fb3ec83b7
experiments/data/openeo_strait/2024-10_openEO_2024-10-31Z.tif,2024-10-31,2024-10,117986000,1788847305376509460,True,,A-99-ASCENDING,catalogue_unique_track_not_asset_provenance,aabf410941608f0bc4f112d0ce4634e9c9ac4141185b2d76147b758e6a6e492a,0.8549796945472956,535.6443,457.965,accepted,-18.256715774536133,120.0,26.20287576561528,46.0,10.044435710152523,733cc3987e82db18a2d9822ac3fd1a9cf09fed5fa7771e5146ecb27cbd179183
experiments/data/openeo_strait/2024-11_openEO_2024-11-05Z.tif,2024-11-05,2024-11,288893838,1788848100616880749,True,,A-171-ASCENDING,catalogue_unique_track_not_asset_provenance,aabf410941608f0bc4f112d0ce4634e9c9ac4141185b2d76147b758e6a6e492a,0.8377899288763084,535.6443,448.7574,accepted,-23.173587799072266,140.0,31.1972571371525,51.0,11.364715099962696,d07c3bbb4feb37902f579f2ef0bc26583bf1aa3a332b7620c1307bc0518dd0eb
experiments/data/openeo_strait/2024-11_openEO_2024-11-06Z.tif,2024-11-06,2024-11,307767504,1788848200952928573,True,,A-18-DESCENDING,catalogue_unique_track_not_asset_provenance,aabf410941608f0bc4f112d0ce4634e9c9ac4141185b2d76147b758e6a6e492a,0.9996906529202308,535.6443,535.4786,accepted,-20.955078125,163.0,30.440058669011233,61.0,11.391678397605432,367abda4ef05e0d0f01ae9efcd42bdfafa4ba964aa7135f0fb0e4006c2e98686
experiments/data/openeo_strait/2024-11_openEO_2024-11-12Z.tif,2024-11-12,2024-11,118310796,1788848240974346273,True,,A-99-ASCENDING,catalogue_unique_track_not_asset_provenance,aabf410941608f0bc4f112d0ce4634e9c9ac4141185b2d76147b758e6a6e492a,0.8498761211498004,535.6443,455.2313,accepted,-18.42243766784668,93.0,20.42917523465544,27.0,5.931050874577386,07666f0f5d4e240090f79b217987c3c10eeb68b8265afbe4ed73a016f4a9bdd3
experiments/data/openeo_strait/2024-11_openEO_2024-11-17Z.tif,2024-11-17,2024-11,289726164,1788848315454123240,True,,A-171-ASCENDING,catalogue_unique_track_not_asset_provenance,aabf410941608f0bc4f112d0ce4634e9c9ac4141185b2d76147b758e6a6e492a,0.8330686987614728,535.6443,446.2285,accepted,-23.652061462402344,138.0,30.92585973329808,60.0,13.446025970999163,b1084ce8fd6a4e40228cc3a57e6da9d64140baea53f27eb2d3d8a4432d7bbab1
experiments/data/openeo_strait/2024-11_openEO_2024-11-18Z.tif,2024-11-18,2024-11,308878624,1788848384137839384,True,,A-18-DESCENDING,catalogue_unique_track_not_asset_provenance,aabf410941608f0bc4f112d0ce4634e9c9ac4141185b2d76147b758e6a6e492a,0.9976626279790525,535.6443,534.3923,accepted,-21.655942916870117,137.0,25.636596934499245,44.0,8.233651570204136,f4df590768ec53e45438c1068f5ff2235fba4b71b621e278db653ce35a521825
experiments/data/openeo_strait/2024-11_openEO_2024-11-24Z.tif,2024-11-24,2024-11,117973799,1788848412421134198,True,,A-98-ASCENDING,catalogue_unique_track_not_asset_provenance,aabf410941608f0bc4f112d0ce4634e9c9ac4141185b2d76147b758e6a6e492a,0.8536989939032302,535.6443,457.279,accepted,-17.520187377929688,119.0,26.023499876443047,54.0,11.80898313720945,79311065f97f8e1a2bbc42d72366bd174e8e1555b81632a08abc45b5a4bf9f9e
experiments/data/openeo_strait/2024-11_openEO_2024-11-29Z.tif,2024-11-29,2024-11,274632900,1788848487861920337,True,,A-171-ASCENDING,catalogue_unique_track_not_asset_provenance,aabf410941608f0bc4f112d0ce4634e9c9ac4141185b2d76147b758e6a6e492a,0.5581216863504381,535.6443,298.9547,insufficient_valid_water,,,,,,
experiments/data/openeo_strait/2025-02_openEO_2025-02-04Z.tif,2025-02-04,2025-02,119058124,1788851786872134756,True,,A-98-ASCENDING,catalogue_unique_track_not_asset_provenance,aabf410941608f0bc4f112d0ce4634e9c9ac4141185b2d76147b758e6a6e492a,0.8558093496000985,535.6443,458.4094,accepted,-14.029987335205078,157.0,34.248861388968024,57.0,12.434299994720877,47a1076b35443b90c16859baa0910ff3577e7f92ca4fa3e5babffee1c92fac50
experiments/data/openeo_strait/2025-02_openEO_2025-02-09Z.tif,2025-02-09,2025-02,291091542,1788851862141894994,True,,A-171-ASCENDING,catalogue_unique_track_not_asset_provenance,aabf410941608f0bc4f112d0ce4634e9c9ac4141185b2d76147b758e6a6e492a,0.8358093234633506,535.6443,447.6965,accepted,-20.522165298461914,169.0,37.74878740396675,67.0,14.965495598022322,5cd50e1b8ca9ffbc0dc975717719798954edafa8b8efbbce5c2ed2826cf8ad6a
experiments/data/openeo_strait/2025-02_openEO_2025-02-10Z.tif,2025-02-10,2025-02,308376896,1788851950555788035,True,,A-18-DESCENDING,catalogue_unique_track_not_asset_provenance,aabf410941608f0bc4f112d0ce4634e9c9ac4141185b2d76147b758e6a6e492a,0.9999979463983841,535.6443,535.6432,accepted,-18.30615997314453,210.0,39.205202268973075,80.0,14.935315150084982,d8b1ac54cb02b4781f04909f2cfe2a25b79e0ed4155e53d1f59cf43e7739d0aa
experiments/data/openeo_strait/2025-02_openEO_2025-02-16Z.tif,2025-02-16,2025-02,117972169,1788851980635091867,True,,A-98-ASCENDING,catalogue_unique_track_not_asset_provenance,aabf410941608f0bc4f112d0ce4634e9c9ac4141185b2d76147b758e6a6e492a,0.8555323000730148,535.6443,458.261,accepted,-14.73281192779541,124.0,27.058815827661526,52.0,11.347245347083867,55f3dcf18a1b5c15abdbf13d9d275d8d43d7c1dbaf8d5d50eacc69baebcd2e87
experiments/data/openeo_strait/2025-02_openEO_2025-02-21Z.tif,2025-02-21,2025-02,290365053,1788852055942852568,True,,A-171-ASCENDING,catalogue_unique_track_not_asset_provenance,aabf410941608f0bc4f112d0ce4634e9c9ac4141185b2d76147b758e6a6e492a,0.8412060018187443,535.6443,450.5872,accepted,-21.36209487915039,190.0,42.16719871314587,72.0,15.979148986034225,b58ea550ccec7d2ae7d9165f881095ffc63b086255bbca6cab8a4dba02d38e51
experiments/data/openeo_strait/2025-02_openEO_2025-02-22Z.tif,2025-02-22,2025-02,307606448,1788852147791780402,True,,A-18-DESCENDING,catalogue_unique_track_not_asset_provenance,aabf410941608f0bc4f112d0ce4634e9c9ac4141185b2d76147b758e6a6e492a,0.999931484382453,535.6443,535.6076,accepted,-19.693801879882812,162.0,30.24602339473898,64.0,11.949046279403055,2f3625830488710579f18780128b56333a848e5bb6b4a62fcbefcefab7ce0d54
experiments/data/openeo_strait/2025-02_openEO_2025-02-28Z.tif,2025-02-28,2025-02,118085188,1788852194150248725,True,,A-98-ASCENDING,catalogue_unique_track_not_asset_provenance,aabf410941608f0bc4f112d0ce4634e9c9ac4141185b2d76147b758e6a6e492a,0.8550056446040778,535.6443,457.9789,accepted,-14.527456283569336,154.0,33.62600329403822,53.0,11.57258554924692,204b9a19877c58ebb97775a9c4f5326f292520497bcae36b2c49d855e01bbe27
experiments/data/openeo_strait/2025-03_openEO_2025-03-05Z.tif,2025-03-05,2025-03,289613670,1788853007305238904,True,,A-171-ASCENDING,catalogue_unique_track_not_asset_provenance,aabf410941608f0bc4f112d0ce4634e9c9ac4141185b2d76147b758e6a6e492a,0.829896631029211,535.6443,444.5294,accepted,-24.440998077392578,103.0,23.170570945363796,43.0,9.67315097719071,dafb25b68ba6dbf809d8244d26ca5b8aef4bac35cdaaec2ed7605633f0f35879
experiments/data/openeo_strait/2025-03_openEO_2025-03-06Z.tif,2025-03-06,2025-03,306577466,1788853131994034198,True,,A-18-DESCENDING,catalogue_unique_track_not_asset_provenance,aabf410941608f0bc4f112d0ce4634e9c9ac4141185b2d76147b758e6a6e492a,0.9722414669585768,535.6443,520.7756,accepted,-23.589401245117188,96.0,18.434043376840233,27.0,5.184574699736316,fe2e17424e56c8df6d9fb41d4bb0dfea1adea4170d3f648a7d41a5f0474b897f
experiments/data/openeo_strait/2025-03_openEO_2025-03-12Z.tif,2025-03-12,2025-03,118059074,1788853161903237316,True,,A-98-ASCENDING,catalogue_unique_track_not_asset_provenance,aabf410941608f0bc4f112d0ce4634e9c9ac4141185b2d76147b758e6a6e492a,0.8560326321030579,535.6443,458.529,accepted,-15.094258308410645,153.0,33.36757326145129,43.0,9.377814707466703,5fa6f808510f7bc87ec08f96fa569df7f5cf45cc5507a8197367c5fd5708cdda
experiments/data/openeo_strait/2025-03_openEO_2025-03-17Z.tif,2025-03-17,2025-03,289609176,1788853307727283953,True,,A-171-ASCENDING,catalogue_unique_track_not_asset_provenance,aabf410941608f0bc4f112d0ce4634e9c9ac4141185b2d76147b758e6a6e492a,0.8356536231226581,535.6443,447.6131,accepted,-22.20100212097168,134.0,29.936567986951236,55.0,12.287397308076999,7a5f08eedf6ac8e45fbea9f777a8b79e6cbc89b9885d8ed3b2024daac2e315ce
experiments/data/openeo_strait/2025-03_openEO_2025-03-18Z.tif,2025-03-18,2025-03,308497544,1788853388610898632,True,,A-18-DESCENDING,catalogue_unique_track_not_asset_provenance,aabf410941608f0bc4f112d0ce4634e9c9ac4141185b2d76147b758e6a6e492a,0.9999927190488166,535.6443,535.6404,accepted,-18.521228790283203,168.0,31.3643257678099,60.0,11.201544917074962,33cbeb0cfd9bba5e0ec1ec080e09b1a1459f2c186e3212d4b6f53dde4490b052
experiments/data/openeo_strait/2025-03_openEO_2025-03-24Z.tif,2025-03-24,2025-03,118410753,1788853483852647710,True,,A-98-ASCENDING,catalogue_unique_track_not_asset_provenance,aabf410941608f0bc4f112d0ce4634e9c9ac4141185b2d76147b758e6a6e492a,0.8540852576980656,535.6443,457.4859,accepted,-15.331939697265625,128.0,27.979004380244287,42.0,9.180610812267656,a4690930d8c83cfa2c96e7f990d44798cca113f408bbb5a3f93b81e77df7d08c
experiments/data/openeo_strait/2025-03_openEO_2025-03-29Z.tif,2025-03-29,2025-03,274971688,1788853570202346766,True,,A-171-ASCENDING,catalogue_unique_track_not_asset_provenance,aabf410941608f0bc4f112d0ce4634e9c9ac4141185b2d76147b758e6a6e492a,0.8314739837612386,535.6443,445.3743,accepted,-23.528789520263672,109.0,24.47379653473494,47.0,10.552921441582956,edee65a4b0cb5b2c58b42dd8ecc410fe6c5d539baa398f52b37afa0c3ddcf48d
experiments/data/openeo_strait/2025-03_openEO_2025-03-30Z.tif,2025-03-30,2025-03,308321012,1788853716187563472,True,,A-18-DESCENDING,catalogue_unique_track_not_asset_provenance,aabf410941608f0bc4f112d0ce4634e9c9ac4141185b2d76147b758e6a6e492a,0.9999691959757623,535.6443,535.6278,accepted,-19.525428771972656,144.0,26.884340207883163,57.0,10.641717998953752,87c89df1bb114afae9614ba49585538269cce21d73de983c7d7b3cf56af88d74
experiments/data/openeo_strait/2025-04_openEO_2025-04-05Z.tif,2025-04-05,2025-04,118867387,1788854531294795240,True,,A-98-ASCENDING,catalogue_unique_track_not_asset_provenance,aabf410941608f0bc4f112d0ce4634e9c9ac4141185b2d76147b758e6a6e492a,0.8581413075804223,535.6443,459.6585,accepted,-15.89633846282959,136.0,29.587182658430116,49.0,10.660087869581439,d028a7d1dd054e2c3ec26e2b9fb6d11c82aba3850075b248a25500a2c68aa961
experiments/data/openeo_strait/2025-04_openEO_2025-04-10Z.tif,2025-04-10,2025-04,288955057,1788854613607546574,True,,A-171-ASCENDING,catalogue_unique_track_not_asset_provenance,aabf410941608f0bc4f112d0ce4634e9c9ac4141185b2d76147b758e6a6e492a,0.8366531670364084,535.6443,448.1485,accepted,-22.85610008239746,121.0,26.999978801669535,61.0,13.611559561172246,e303deda072a08fe2d0f7c82a1057c25be59c739b65fcbe0e15c393f7245237a
experiments/data/openeo_strait/2025-04_openEO_2025-04-11Z.tif,2025-04-11,2025-04,307772106,1788854709743426435,True,,A-18-DESCENDING,catalogue_unique_track_not_asset_provenance,aabf410941608f0bc4f112d0ce4634e9c9ac4141185b2d76147b758e6a6e492a,0.9999660222278105,535.6443,535.6261,accepted,-17.44236946105957,194.0,36.2192955122986,75.0,14.002304966094819,40e8b51ef08427d9e59baad7312bb84e5f2647638b9084e62820f47614d9cf2c
experiments/data/openeo_strait/2025-04_openEO_2025-04-17Z.tif,2025-04-17,2025-04,118515652,1788854737549681338,True,,A-98-ASCENDING,catalogue_unique_track_not_asset_provenance,aabf410941608f0bc4f112d0ce4634e9c9ac4141185b2d76147b758e6a6e492a,0.8545607598176626,535.6443,457.7406,accepted,-16.810344696044922,120.0,26.215721305909945,35.0,7.646252047557067,01c71496b47f919650165456d9be2e8338d0c813ddca2c12cb0e1303e8f738db
experiments/data/openeo_strait/2025-04_openEO_2025-04-22Z.tif,2025-04-22,2025-04,255927877,1788854854370004161,True,,A-171-ASCENDING,catalogue_unique_track_not_asset_provenance,aabf410941608f0bc4f112d0ce4634e9c9ac4141185b2d76147b758e6a6e492a,0.7024870795787428,535.6443,376.2832,insufficient_valid_water,,,,,,
experiments/data/openeo_strait/2025-04_openEO_2025-04-23Z.tif,2025-04-23,2025-04,307494740,1788854949434376265,True,,A-18-DESCENDING,catalogue_unique_track_not_asset_provenance,aabf410941608f0bc4f112d0ce4634e9c9ac4141185b2d76147b758e6a6e492a,0.9789834410634072,535.6443,524.3869,accepted,-22.819747924804688,100.0,19.069889045664567,39.0,7.4372567278091815,b87cbce0236f713dba027bcf74f9dfca5601cdea566a964cfa727c0630b9b03d
experiments/data/openeo_strait/2025-04_openEO_2025-04-29Z.tif,2025-04-29,2025-04,118462795,1788854996242146417,True,,A-98-ASCENDING,catalogue_unique_track_not_asset_provenance,aabf410941608f0bc4f112d0ce4634e9c9ac4141185b2d76147b758e6a6e492a,0.8593172745420795,535.6443,460.2884,accepted,-16.389867782592773,143.0,31.06747856343979,54.0,11.731775121858382,b24fd3ce1a2c5e8fd5f70a682fdd3050517f17ddbaf89719d4d19edee2755edb
experiments/data/openeo_strait/2025-05_openEO_2025-05-04Z.tif,2025-05-04,2025-05,289872977,1788855728185621692,True,,A-171-ASCENDING,catalogue_unique_track_not_asset_provenance,aabf410941608f0bc4f112d0ce4634e9c9ac4141185b2d76147b758e6a6e492a,0.8377173060555297,535.6443,448.7185,accepted,-22.01735496520996,120.0,26.7428242873873,56.0,12.479984667447408,275c923bad13ec4bcf8b8155e8b4795fcf6ddc1dd2ae15cd35d7b97580c563cb
experiments/data/openeo_strait/2025-05_openEO_2025-05-05Z.tif,2025-05-05,2025-05,307820449,1788855795537889004,True,,A-18-DESCENDING,catalogue_unique_track_not_asset_provenance,aabf410941608f0bc4f112d0ce4634e9c9ac4141185b2d76147b758e6a6e492a,0.9994923870187735,535.6443,535.3724,accepted,-20.63528823852539,158.0,29.51216760520341,75.0,14.008940318925669,66eba9f3f611b2ed669c816f698cb79d1b8b5426c99bb5b692c84a55201d9195
experiments/data/openeo_strait/2025-05_openEO_2025-05-11Z.tif,2025-05-11,2025-05,118801512,1788855837878067480,True,,A-98-ASCENDING,catalogue_unique_track_not_asset_provenance,aabf410941608f0bc4f112d0ce4634e9c9ac4141185b2d76147b758e6a6e492a,0.8580772725482191,535.6443,459.6242,accepted,-17.13182830810547,132.0,28.71911444175481,42.0,9.137900049649257,3e765b28754b8d7cc4cd5b19be3f38413831c7e36bae50e1c41b5d70680b0e7c
experiments/data/openeo_strait/2025-05_openEO_2025-05-16Z.tif,2025-05-16,2025-05,288168937,1788855920049434182,True,,A-171-ASCENDING,catalogue_unique_track_not_asset_provenance,aabf410941608f0bc4f112d0ce4634e9c9ac4141185b2d76147b758e6a6e492a,0.8372582327488597,535.6443,448.4726,accepted,-22.797527313232422,155.0,34.56175472035527,50.0,11.148953135598473,1a37c08ffdd87c521eba12a77a0f82ed99b5ecf56d03206dcd265d91a08c218e
experiments/data/openeo_strait/2025-05_openEO_2025-05-23Z.tif,2025-05-23,2025-05,117476405,1788855951731582031,True,,A-98-ASCENDING,catalogue_unique_track_not_asset_provenance,aabf410941608f0bc4f112d0ce4634e9c9ac4141185b2d76147b758e6a6e492a,0.8551090714490941,535.6443,458.0343,accepted,-15.38695240020752,152.0,33.185287652038284,62.0,13.536104173857721,0160664aaf71306da0b8145e19e16bab603b9b6f6afb969213cb15981a18ba38
experiments/data/openeo_strait/2025-05_openEO_2025-05-28Z.tif,2025-05-28,2025-05,288093801,1788856017353898449,True,,A-171-ASCENDING,catalogue_unique_track_not_asset_provenance,aabf410941608f0bc4f112d0ce4634e9c9ac4141185b2d76147b758e6a6e492a,0.8390293707970009,535.6443,449.4213,accepted,-20.325790405273438,167.0,37.15889745323597,65.0,14.463043918924182,d3e4bb8f82cb8af58c8360b9e330dda4ce9ecddf3cc004c63bc90b0e39e1021d
experiments/data/openeo_strait/2025-06_openEO_2025-06-04Z.tif,2025-06-04,2025-06,118722032,1788856708560756486,True,,A-98-ASCENDING,catalogue_unique_track_not_asset_provenance,aabf410941608f0bc4f112d0ce4634e9c9ac4141185b2d76147b758e6a6e492a,0.8534749646360468,535.6443,457.159,accepted,-15.930551528930664,88.0,19.249320258378376,26.0,5.687299167248157,540dd45c40ef41c7490cf3108fc229949fcdabeefa560ef0ff639e710c1655d1
experiments/data/openeo_strait/2025-06_openEO_2025-06-09Z.tif,2025-06-09,2025-06,289777999,1788856780394189735,True,,A-171-ASCENDING,catalogue_unique_track_not_asset_provenance,aabf410941608f0bc4f112d0ce4634e9c9ac4141185b2d76147b758e6a6e492a,0.8375274412515917,535.6443,448.6168,accepted,-22.503089904785156,129.0,28.75505331053139,64.0,14.266072960263637,dc2e81302dda6d1a3bb960da78f946074d2e073c3eb2ceee4ed37db871672155
experiments/data/openeo_strait/2025-06_openEO_2025-06-16Z.tif,2025-06-16,2025-06,117569538,1788856813418390066,True,,A-98-ASCENDING,catalogue_unique_track_not_asset_provenance,aabf410941608f0bc4f112d0ce4634e9c9ac4141185b2d76147b758e6a6e492a,0.8535003546196609,535.6443,457.1726,accepted,-17.492469787597656,110.0,24.060934535446787,44.0,9.624373814178714,67ad5fbe80fe2a79e0cdd3c589262f203b1acf0c0fcfd60edec235ded10cc553
experiments/data/openeo_strait/2025-06_openEO_2025-06-21Z.tif,2025-06-21,2025-06,288757318,1788856919405454235,True,,A-171-ASCENDING,catalogue_unique_track_not_asset_provenance,aabf410941608f0bc4f112d0ce4634e9c9ac4141185b2d76147b758e6a6e492a,0.8374936501704583,535.6443,448.5987,accepted,-23.12689208984375,115.0,25.635384141773038,54.0,12.037484727441251,1136d2181af7c4ef352431d9efa53b7d0cfc8536cd43f050a65ef74eb018ea02
experiments/data/openeo_strait/2025-06_openEO_2025-06-28Z.tif,2025-06-28,2025-06,117955792,1788856953648885991,True,,A-98-ASCENDING,catalogue_unique_track_not_asset_provenance,aabf410941608f0bc4f112d0ce4634e9c9ac4141185b2d76147b758e6a6e492a,0.8559596359001673,535.6443,458.4899,accepted,-15.571378707885742,111.0,24.209911712340883,37.0,8.069970570780296,0619544647d02b69014a70b5f6ce439f2d6f5e6f78c699d04c7fd8d49ed1b40d
experiments/data/openeo_strait/2025-07_openEO_2025-07-03Z.tif,2025-07-03,2025-07,255195344,1788857983249600533,True,,A-171-ASCENDING,catalogue_unique_track_not_asset_provenance,aabf410941608f0bc4f112d0ce4634e9c9ac4141185b2d76147b758e6a6e492a,0.43439685627197006,535.6443,232.6822,insufficient_valid_water,,,,,,
experiments/data/openeo_strait/2025-07_openEO_2025-07-10Z.tif,2025-07-10,2025-07,117133527,1788858012401829546,True,,A-98-ASCENDING,catalogue_unique_track_not_asset_provenance,aabf410941608f0bc4f112d0ce4634e9c9ac4141185b2d76147b758e6a6e492a,0.8543712683958365,535.6443,457.6391,accepted,-16.430355072021484,151.0,32.99543242699324,61.0,13.329280649315148,688de2d3a7f609d92e75c8013f843a262a529c50d86d6d5694e1465c76e58c1d
experiments/data/openeo_strait/2025-07_openEO_2025-07-15Z.tif,2025-07-15,2025-07,288271839,1788858145769864095,True,,A-171-ASCENDING,catalogue_unique_track_not_asset_provenance,aabf410941608f0bc4f112d0ce4634e9c9ac4141185b2d76147b758e6a6e492a,0.8403078311483946,535.6443,450.1061,accepted,-21.954744338989258,153.0,33.99198544520947,75.0,16.662737963337975,b1caaefdbbdf364cfdb19ecff885ed1a551118fcffc795c2943c2dfe01847a92
experiments/data/openeo_strait/2025-07_openEO_2025-07-22Z.tif,2025-07-22,2025-07,117448358,1788858195660246265,True,,A-98-ASCENDING,catalogue_unique_track_not_asset_provenance,aabf410941608f0bc4f112d0ce4634e9c9ac4141185b2d76147b758e6a6e492a,0.8529591372483568,535.6443,456.8827,accepted,-15.624923706054688,132.0,28.891441939035996,49.0,10.724853447066392,acc54d55c8e1a9e518206f7d3343b38cf6bd9e2f1b0bda5bf15f8604657c9dd3
experiments/data/openeo_strait/2025-07_openEO_2025-07-27Z.tif,2025-07-27,2025-07,258025333,1788858276975864408,True,,A-171-ASCENDING,catalogue_unique_track_not_asset_provenance,aabf410941608f0bc4f112d0ce4634e9c9ac4141185b2d76147b758e6a6e492a,0.8386933268962258,535.6443,449.2413,accepted,-22.471506118774414,153.0,34.057420811488164,65.0,14.468838906841377,8a251581c596cb51147601280394b4e96a34b89aba323ce0abfbd02157ee5891
experiments/data/openeo_strait/2025-08_openEO_2025-08-03Z.tif,2025-08-03,2025-08,116773814,1788858983844818578,True,,A-98-ASCENDING,catalogue_unique_track_not_asset_provenance,aabf410941608f0bc4f112d0ce4634e9c9ac4141185b2d76147b758e6a6e492a,0.8185984617030369,535.6443,438.4776,accepted,-24.072742462158203,18.0,4.105112781131806,5.0,1.1403091058699464,03f0ec0b6e4b2ab5cefdcc4496b6b21350b921b06b2243e26396cab07464814b
experiments/data/openeo_strait/2025-08_openEO_2025-08-08Z.tif,2025-08-08,2025-08,289741413,1788859062893061414,True,,A-171-ASCENDING,catalogue_unique_track_not_asset_provenance,aabf410941608f0bc4f112d0ce4634e9c9ac4141185b2d76147b758e6a6e492a,0.836373317143485,535.6443,447.9986,accepted,-23.14809799194336,131.0,29.2411628072052,47.0,10.491104213272093,16efb7b358e32e961e694f932e2f766b2c91a565d61decabf496105503d76c30
experiments/data/openeo_strait/2025-08_openEO_2025-08-09Z.tif,2025-08-09,2025-08,308239286,1788859149943333732,True,,A-18-DESCENDING,catalogue_unique_track_not_asset_provenance,aabf410941608f0bc4f112d0ce4634e9c9ac4141185b2d76147b758e6a6e492a,0.9999753567806098,535.6443,535.6311,accepted,-19.276880264282227,193.0,36.032261756272185,64.0,11.94852203316798,5580b1664a73fbe9bb0b288a34444727c41790c270c1b1ae4daead0e27cedac2
experiments/data/openeo_strait/2025-08_openEO_2025-08-15Z.tif,2025-08-15,2025-08,118281430,1788859220789305349,True,,A-98-ASCENDING,catalogue_unique_track_not_asset_provenance,aabf410941608f0bc4f112d0ce4634e9c9ac4141185b2d76147b758e6a6e492a,0.8550573580265859,535.6443,458.0066,accepted,-16.339609146118164,159.0,34.71565693594808,58.0,12.663572970345843,2bf7ae9f304669c99b6b5de2415d3b7e94207816d7f38edd31372e4ec59255b8
experiments/data/openeo_strait/2025-08_openEO_2025-08-20Z.tif,2025-08-20,2025-08,224231603,1788859281088093178,True,,A-171-ASCENDING,catalogue_unique_track_not_asset_provenance,aabf410941608f0bc4f112d0ce4634e9c9ac4141185b2d76147b758e6a6e492a,0.43596655467070217,535.6443,233.523,insufficient_valid_water,,,,,,
experiments/data/openeo_strait/2025-08_openEO_2025-08-21Z.tif,2025-08-21,2025-08,273386154,1788859377518288563,True,,A-18-DESCENDING,catalogue_unique_track_not_asset_provenance,aabf410941608f0bc4f112d0ce4634e9c9ac4141185b2d76147b758e6a6e492a,0.8515681021902035,535.6443,456.1376,accepted,-19.963916778564453,185.0,40.557936903250244,63.0,13.811621756241976,af7abdc1a472e9c22d20c1f15c25f4b1207662caef051906d8fb861304844096
experiments/data/openeo_strait/2025-08_openEO_2025-08-27Z.tif,2025-08-27,2025-08,118116090,1788859434285959970,True,,A-98-ASCENDING,catalogue_unique_track_not_asset_provenance,aabf410941608f0bc4f112d0ce4634e9c9ac4141185b2d76147b758e6a6e492a,0.8550558644981381,535.6443,458.0058,accepted,-15.579578399658203,145.0,31.6589877246096,57.0,12.445257243467221,63ab8cbe1e65baefafe308bdf33bf91591746fc7bcf3633e4a127e3798b10298
experiments/data/openeo_strait/2025-10_openEO_2025-10-02Z.tif,2025-10-02,2025-10,117503386,1788926434270781246,True,,A-98-ASCENDING,catalogue_unique_track_not_asset_provenance,aabf410941608f0bc4f112d0ce4634e9c9ac4141185b2d76147b758e6a6e492a,0.8526494167864757,535.6443,456.7168,accepted,-15.58336067199707,167.0,36.56532888652224,64.0,14.01306017208038,0cd41a7c550585e7a32ea81bb455201f0600c273545b1bd510a29886bb858ef7
experiments/data/openeo_strait/2025-10_openEO_2025-10-07Z.tif,2025-10-07,2025-10,288923498,1788926508141400358,True,,A-171-ASCENDING,catalogue_unique_track_not_asset_provenance,aabf410941608f0bc4f112d0ce4634e9c9ac4141185b2d76147b758e6a6e492a,0.8349755612073161,535.6443,447.2499,accepted,-22.372772216796875,133.0,29.73729004746563,71.0,15.874793935113232,423bfa5a4feb3cd68c39167cc9d7ea449ca23e1d0e4a67e09a72d8a23b76fb4c
experiments/data/openeo_strait/2025-10_openEO_2025-10-08Z.tif,2025-10-08,2025-10,307576605,1788926614037080655,True,,A-18-DESCENDING,catalogue_unique_track_not_asset_provenance,aabf410941608f0bc4f112d0ce4634e9c9ac4141185b2d76147b758e6a6e492a,0.9998747303014333,535.6443,535.5772,accepted,-20.375530242919922,146.0,27.260309064687593,66.0,12.323153412803983,3297ea05bb2749d4f8c565295266eaa64086fbac18ea42b30acd4c30e37ae3f2
experiments/data/openeo_strait/2025-10_openEO_2025-10-14Z.tif,2025-10-14,2025-10,118869610,1788926648402615299,True,,A-98-ASCENDING,catalogue_unique_track_not_asset_provenance,aabf410941608f0bc4f112d0ce4634e9c9ac4141185b2d76147b758e6a6e492a,0.8566763428640984,535.6443,458.8738,accepted,-14.5872802734375,166.0,36.1755236407047,59.0,12.857565631334802,cfc1919d17f22d98d4d2fa996eabd3b7efd40b24f4409466408fa19f1b3ff72a
experiments/data/openeo_strait/2025-10_openEO_2025-10-19Z.tif,2025-10-19,2025-10,287829316,1788926739503990835,True,,A-171-ASCENDING,catalogue_unique_track_not_asset_provenance,aabf410941608f0bc4f112d0ce4634e9c9ac4141185b2d76147b758e6a6e492a,0.825859623634565,535.6443,442.367,accepted,-23.899675369262695,139.0,31.42187369311002,53.0,11.981002199531158,c206efcc9f837ca139baddcad1cc8e52dca65465828702fba235f9b1a4c507ea
experiments/data/openeo_strait/2025-10_openEO_2025-10-20Z.tif,2025-10-20,2025-10,308378762,1788926809132470114,True,,A-18-DESCENDING,catalogue_unique_track_not_asset_provenance,aabf410941608f0bc4f112d0ce4634e9c9ac4141185b2d76147b758e6a6e492a,0.9999632218619707,535.6443,535.6246,accepted,-18.87773895263672,200.0,37.339584477636016,79.0,14.749135868666228,e2be11d55cd9f1de1d6fc5fb0d801a01babe4dde6458330cd2ee2dddb35da350
experiments/data/openeo_strait/2025-10_openEO_2025-10-26Z.tif,2025-10-26,2025-10,118162094,1788926852806351110,True,,A-98-ASCENDING,catalogue_unique_track_not_asset_provenance,aabf410941608f0bc4f112d0ce4634e9c9ac4141185b2d76147b758e6a6e492a,0.8453884415460036,535.6443,452.8275,accepted,-18.068328857421875,125.0,27.60433056737941,54.0,11.925070805107906,3d35c750edd4947cefce33d27e5924c3e62cf76bb78bb33808c0910d025d108c
experiments/data/openeo_strait/2025-10_openEO_2025-10-31Z.tif,2025-10-31,2025-10,288890175,1788926932358850462,True,,A-171-ASCENDING,catalogue_unique_track_not_asset_provenance,aabf410941608f0bc4f112d0ce4634e9c9ac4141185b2d76147b758e6a6e492a,0.837037190538572,535.6443,448.3542,accepted,-21.73495101928711,152.0,33.90176784337026,66.0,14.72050445830551,7edfa81ed6fe4a0863f19e079ce5fd6bda5927dd3e073b388e912a731bd35bc9
experiments/data/openeo_strait/2025-11_openEO_2025-11-01Z.tif,2025-11-01,2025-11,308295720,1788927793195904130,True,,A-18-DESCENDING,catalogue_unique_track_not_asset_provenance,aabf410941608f0bc4f112d0ce4634e9c9ac4141185b2d76147b758e6a6e492a,0.9996561150748734,535.6443,535.4601,accepted,-20.198333740234375,150.0,28.013291746667957,67.0,12.512603646845022,5bcecaaf36a363cf3ebe0bc77a2e8148d6453e0a704b4bd6bbd66eaceb7c6928
experiments/data/openeo_strait/2025-11_openEO_2025-11-07Z.tif,2025-11-07,2025-11,118280899,1788927869749260424,True,,A-99-ASCENDING,catalogue_unique_track_not_asset_provenance,aabf410941608f0bc4f112d0ce4634e9c9ac4141185b2d76147b758e6a6e492a,0.8531480685970149,535.6443,456.9839,accepted,-16.0704345703125,154.0,33.699217849906745,56.0,12.254261036329726,55a1b953b107e37b0b0f035dfaad53d6001ce21764ebdc0c117a67413cf181b9
experiments/data/openeo_strait/2025-11_openEO_2025-11-12Z.tif,2025-11-12,2025-11,289778470,1788927959200148511,True,,A-171-ASCENDING,catalogue_unique_track_not_asset_provenance,aabf410941608f0bc4f112d0ce4634e9c9ac4141185b2d76147b758e6a6e492a,0.8384474547754919,535.6443,449.1096,accepted,-22.518238067626953,149.0,33.17675685400624,74.0,16.477047028164172,bc55adc8a6ed1b491aaf412a3cf83a5a1b9d393570814ecf0d4e39f6754a6964
experiments/data/openeo_strait/2025-11_openEO_2025-11-13Z.tif,2025-11-13,2025-11,308437710,1788928039507681590,True,,A-18-DESCENDING,catalogue_unique_track_not_asset_provenance,aabf410941608f0bc4f112d0ce4634e9c9ac4141185b2d76147b758e6a6e492a,0.9999747967074418,535.6443,535.6308,accepted,-18.079238891601562,163.0,30.431409097460417,68.0,12.69531177071968,f1a96dc912e05fcae5bc84e2483e18bccb1554a4261b29180d3ac66b15d16a6c
experiments/data/openeo_strait/2025-11_openEO_2025-11-19Z.tif,2025-11-19,2025-11,118846367,1788928086056875902,True,,A-98-ASCENDING,catalogue_unique_track_not_asset_provenance,aabf410941608f0bc4f112d0ce4634e9c9ac4141185b2d76147b758e6a6e492a,0.8579484557195886,535.6443,459.5552,accepted,-16.547935485839844,167.0,36.33948652958339,63.0,13.708908091998524,d2b412418fa05a8f9c398e5e416311ce95df98eb05ca790ce443c82b35c021e5
experiments/data/openeo_strait/2025-11_openEO_2025-11-24Z.tif,2025-11-24,2025-11,288647313,1788928161168742054,True,,A-171-ASCENDING,catalogue_unique_track_not_asset_provenance,aabf410941608f0bc4f112d0ce4634e9c9ac4141185b2d76147b758e6a6e492a,0.8290688428869681,535.6443,444.086,accepted,-23.979652404785156,151.0,34.0024229541125,56.0,12.610170102187412,5897cf3b8f05d837f9e85fd2730898845e672f1de818c01f355c47dc42ae8338
experiments/data/openeo_strait/2025-11_openEO_2025-11-25Z.tif,2025-11-25,2025-11,308377043,1788928262829730593,True,,A-18-DESCENDING,catalogue_unique_track_not_asset_provenance,aabf410941608f0bc4f112d0ce4634e9c9ac4141185b2d76147b758e6a6e492a,0.9728993662398723,535.6443,521.128,accepted,-24.295602798461914,107.0,20.532383598655223,28.0,5.372960194040619,fe7947ea1b3bbd45f75fb7a54309e621818f11ba160fe94b8882873e2bf93953
experiments/data/openeo_strait/2025-12_openEO_2025-12-01Z.tif,2025-12-01,2025-12,118601487,1788929008563021073,True,,A-98-ASCENDING,catalogue_unique_track_not_asset_provenance,aabf410941608f0bc4f112d0ce4634e9c9ac4141185b2d76147b758e6a6e492a,0.8513633021017866,535.6443,456.0279,accepted,-19.053712844848633,120.0,26.31417946138822,44.0,9.64853246917568,b37dd114928f03776b62a55d5369f816e0cd626744586315af1494d9d79c3a2d
experiments/data/openeo_strait/2025-12_openEO_2025-12-06Z.tif,2025-12-06,2025-12,290638022,1788929081316321095,True,,A-171-ASCENDING,catalogue_unique_track_not_asset_provenance,aabf410941608f0bc4f112d0ce4634e9c9ac4141185b2d76147b758e6a6e492a,0.8396669207531938,535.6443,449.7628,accepted,-20.642562866210938,199.0,44.24554454036661,67.0,14.896741126656094,0f8a0134c23a87c6fc5922de51462a309905e58b07e3f3ce1788ed0810003bb9
experiments/data/openeo_strait/2025-12_openEO_2025-12-07Z.tif,2025-12-07,2025-12,308880217,1788929166345993802,True,,A-18-DESCENDING,catalogue_unique_track_not_asset_provenance,aabf410941608f0bc4f112d0ce4634e9c9ac4141185b2d76147b758e6a6e492a,0.9999934658130405,535.6443,535.6408,accepted,-18.27566146850586,216.0,40.325531587586305,81.0,15.122074345344865,15f01bbfba1fe20335fbc98cfd3e53872fb4ddd86f7b8910d23ee12a01890479
experiments/data/openeo_strait/2025-12_openEO_2025-12-13Z.tif,2025-12-13,2025-12,118942154,1788929202702374711,True,,A-98-ASCENDING,catalogue_unique_track_not_asset_provenance,aabf410941608f0bc4f112d0ce4634e9c9ac4141185b2d76147b758e6a6e492a,0.8565693688890184,535.6443,458.8165,accepted,-16.04146385192871,160.0,34.872329133760445,65.0,14.16688371059018,8a062f47bcc44f81f8137c25b3598445a9c68ddfa9f1251d724c55c3fd86b627
experiments/data/openeo_strait/2025-12_openEO_2025-12-18Z.tif,2025-12-18,2025-12,288971023,1788929274104266175,True,,A-171-ASCENDING,catalogue_unique_track_not_asset_provenance,aabf410941608f0bc4f112d0ce4634e9c9ac4141185b2d76147b758e6a6e492a,0.8382547896057141,535.6443,449.0064,accepted,-21.766220092773438,171.0,38.08408966999134,72.0,16.03540617683846,b2faae782e1f9bd5177213e24645e4c3a7ae3ac3b6f73dae6cbcd8dce21c90e5
experiments/data/openeo_strait/2025-12_openEO_2025-12-19Z.tif,2025-12-19,2025-12,307974479,1788929362314598668,True,,A-18-DESCENDING,catalogue_unique_track_not_asset_provenance,aabf410941608f0bc4f112d0ce4634e9c9ac4141185b2d76147b758e6a6e492a,0.9999897319919208,535.6443,535.6388,accepted,-18.343856811523438,174.0,32.48457729350451,63.0,11.761657295924046,e3aad55f3900b92461d5efd31eb785637384774ae2200bc75bea66867d361910
experiments/data/openeo_strait/2025-12_openEO_2025-12-25Z.tif,2025-12-25,2025-12,118908348,1788929397260188752,True,,A-98-ASCENDING,catalogue_unique_track_not_asset_provenance,aabf410941608f0bc4f112d0ce4634e9c9ac4141185b2d76147b758e6a6e492a,0.8549457167751061,535.6443,457.9468,accepted,-15.398101806640625,129.0,28.169210921443277,54.0,11.791762711301837,cbc50ce9bfee2161e59443de1d2d58354a227825fbef01589ad959e26a64b4df
experiments/data/openeo_strait/2025-12_openEO_2025-12-30Z.tif,2025-12-30,2025-12,289564405,1788929461420353446,True,,A-171-ASCENDING,catalogue_unique_track_not_asset_provenance,aabf410941608f0bc4f112d0ce4634e9c9ac4141185b2d76147b758e6a6e492a,0.841615601995578,535.6443,450.8066,accepted,-21.117551803588867,188.0,41.703027417965934,76.0,16.858670658326652,5b8e9bd12e24a91028fb64b65733fb0bc25d57292d87c5d2c540a579cce114d9
experiments/data/openeo_strait/2025-12_openEO_2025-12-31Z.tif,2025-12-31,2025-12,307950959,1788929537952865608,True,,A-18-DESCENDING,catalogue_unique_track_not_asset_provenance,aabf410941608f0bc4f112d0ce4634e9c9ac4141185b2d76147b758e6a6e492a,0.9997797045539363,535.6443,535.5263,accepted,-20.320507049560547,168.0,31.371008295951103,62.0,11.57739591874386,cc96abe9d176966a115c8443e5e0eaf375846dc34f378f00ffe8f35f06c62071
experiments/data/openeo_strait/2026-01_openEO_2026-01-06Z.tif,2026-01-06,2026-01,119242172,1788930209969693559,True,,A-98-ASCENDING,catalogue_unique_track_not_asset_provenance,aabf410941608f0bc4f112d0ce4634e9c9ac4141185b2d76147b758e6a6e492a,0.856534270970493,535.6443,458.7977,accepted,-14.809760093688965,180.0,39.232977846227215,59.0,12.859698294041142,a5f00e4cfe281a2982da7d2d9fe231fa62115adfe9ecb3ada9e5f419ec94bbed
experiments/data/openeo_strait/2026-01_openEO_2026-01-11Z.tif,2026-01-11,2026-01,290130365,1788930275283530099,True,,A-171-ASCENDING,catalogue_unique_track_not_asset_provenance,aabf410941608f0bc4f112d0ce4634e9c9ac4141185b2d76147b758e6a6e492a,0.8388882323586754,535.6443,449.3457,accepted,-20.7691650390625,204.0,45.3993439794795,77.0,17.136026894215302,1227d92947da9dd4101a14f9d18810c7bb48c8f657b57e0508d967b9e90b244f
experiments/data/openeo_strait/2026-01_openEO_2026-01-12Z.tif,2026-01-12,2026-01,308952907,1788930358032885298,True,,A-18-DESCENDING,catalogue_unique_track_not_asset_provenance,aabf410941608f0bc4f112d0ce4634e9c9ac4141185b2d76147b758e6a6e492a,0.9999949593414884,535.6443,535.6416,accepted,-18.523727416992188,229.0,42.75246732143284,85.0,15.868819748130091,c374f8b6cd2fed963fa783e0b60e3aa304f99a77dd883d58fea12a8e3c3317cf
experiments/data/openeo_strait/2026-01_openEO_2026-01-18Z.tif,2026-01-18,2026-01,119096388,1788930388406756875,True,,A-98-ASCENDING,catalogue_unique_track_not_asset_provenance,aabf410941608f0bc4f112d0ce4634e9c9ac4141185b2d76147b758e6a6e492a,0.8562096152241329,535.6443,458.6238,accepted,-15.03512191772461,193.0,42.082421365834044,69.0,15.045010747370721,d8669bfda90d5d222b652d3bf08403915311ec87ec3f50632b5333b5af906c3a
experiments/data/openeo_strait/2026-01_openEO_2026-01-23Z.tif,2026-01-23,2026-01,290501757,1788930459826819561,True,,A-171-ASCENDING,catalogue_unique_track_not_asset_provenance,aabf410941608f0bc4f112d0ce4634e9c9ac4141185b2d76147b758e6a6e492a,0.8457730251213352,535.6443,453.0335,accepted,-20.738021850585938,202.0,44.58831410922151,79.0,17.43800403281435,a429cca724000dfc825cb18242fb5d21595725b8d9354e2d76da991116747f29
experiments/data/openeo_strait/2026-01_openEO_2026-01-24Z.tif,2026-01-24,2026-01,308974651,1788930560339750203,True,,A-18-DESCENDING,catalogue_unique_track_not_asset_provenance,aabf410941608f0bc4f112d0ce4634e9c9ac4141185b2d76147b758e6a6e492a,0.9999986931626081,535.6443,535.6436,accepted,-18.223758697509766,233.0,43.499072891004396,83.0,15.495377896795556,cd2320b5315ed2f28ced4fb565fdc5dee6b39b4ea0ea76450e6ff0f591ba7eea
experiments/data/openeo_strait/2026-01_openEO_2026-01-30Z.tif,2026-01-30,2026-01,119744782,1788930613277924240,True,,A-98-ASCENDING,catalogue_unique_track_not_asset_provenance,aabf410941608f0bc4f112d0ce4634e9c9ac4141185b2d76147b758e6a6e492a,0.860246062545611,535.6443,460.7859,accepted,-15.067611694335938,204.0,44.272188016169764,60.0,13.021231769461695,d58d8728e030b64ef414f34b11c487e8c3bc4489415cccc20b58f106cedfce51
experiments/data/openeo_strait/2026-02_openEO_2026-02-04Z.tif,2026-02-04,2026-02,290547984,1788931612927896526,True,,A-171-ASCENDING,catalogue_unique_track_not_asset_provenance,aabf410941608f0bc4f112d0ce4634e9c9ac4141185b2d76147b758e6a6e492a,0.8368637545475608,535.6443,448.2613,accepted,-20.481014251708984,210.0,46.84767567487981,92.0,20.523743628994964,51a237dc97ed9a500a321ccd639ca5caaac34693fa2eee2068bc624f24a1e963
experiments/data/openeo_strait/2026-02_openEO_2026-02-05Z.tif,2026-02-05,2026-02,308409086,1788931694953225249,True,,A-18-DESCENDING,catalogue_unique_track_not_asset_provenance,aabf410941608f0bc4f112d0ce4634e9c9ac4141185b2d76147b758e6a6e492a,0.9998937727891438,535.6443,535.5874,accepted,-19.835826873779297,196.0,36.59533439360224,83.0,15.497003850351968,8f955b586b3fc9909654fc5394691a6133f2076703745e62977f16b61944180b
experiments/data/openeo_strait/2026-02_openEO_2026-02-11Z.tif,2026-02-11,2026-02,119026738,1788931735966453231,True,,A-98-ASCENDING,catalogue_unique_track_not_asset_provenance,aabf410941608f0bc4f112d0ce4634e9c9ac4141185b2d76147b758e6a6e492a,0.8561776910535592,535.6443,458.6067,accepted,-15.549259185791016,211.0,46.00892224208674,70.0,15.26362349263541,2790e086fdd171db81a359cc4c0a5a229ddd27b82bef1eac4d6cfedb6d831252
experiments/data/openeo_strait/2026-02_openEO_2026-02-16Z.tif,2026-02-16,2026-02,289059652,1788931817284015025,True,,A-171-ASCENDING,catalogue_unique_track_not_asset_provenance,aabf410941608f0bc4f112d0ce4634e9c9ac4141185b2d76147b758e6a6e492a,0.8394525994209217,535.6443,449.648,accepted,-20.808361053466797,207.0,46.03601039034978,82.0,18.23648720777141,eb9d511726b71fa5108450f92c22bbdab74cbaad93b2f4660ffefd0d5db421d9
experiments/data/openeo_strait/2026-02_openEO_2026-02-17Z.tif,2026-02-17,2026-02,308929372,1788931909623806995,True,,A-18-DESCENDING,catalogue_unique_track_not_asset_provenance,aabf410941608f0bc4f112d0ce4634e9c9ac4141185b2d76147b758e6a6e492a,0.9999981330894402,535.6443,535.6433,accepted,-18.42922592163086,167.0,31.177464555236668,71.0,13.255089721088645,3e8872d2103f9f66e3fc670bfd902b9e5c270fcc92aaf79c9da5687e005ce1a6
experiments/data/openeo_strait/2026-02_openEO_2026-02-23Z.tif,2026-02-23,2026-02,118981335,1788931963751336835,True,,A-98-ASCENDING,catalogue_unique_track_not_asset_provenance,aabf410941608f0bc4f112d0ce4634e9c9ac4141185b2d76147b758e6a6e492a,0.8548598388893525,535.6443,457.9008,accepted,-14.96668815612793,177.0,38.65466057277035,52.0,11.356171467706542,cf5237dd13ccb04316d5c54f83cb35bfa3a7d9e417b000bc8e336df23ba2fb57
experiments/data/openeo_strait/2026-02_openEO_2026-02-28Z.tif,2026-02-28,2026-02,288163034,1788932047656240613,True,,A-171-ASCENDING,catalogue_unique_track_not_asset_provenance,aabf410941608f0bc4f112d0ce4634e9c9ac4141185b2d76147b758e6a6e492a,0.8389789642118847,535.6443,449.3943,accepted,-21.265621185302734,183.0,40.72147777575283,62.0,13.796347661730469,23a801cbbfd38793e4d793a3231a1ecd4c276c219cbf47b950a26749efe9cf75
experiments/data/openeo_strait/2026-03_openEO_2026-03-07Z.tif,2026-03-07,2026-03,119561446,1788932905541173595,True,,A-98-ASCENDING,catalogue_unique_track_not_asset_provenance,aabf410941608f0bc4f112d0ce4634e9c9ac4141185b2d76147b758e6a6e492a,0.8560815451597263,535.6443,458.5552,accepted,-14.595775604248047,154.0,33.583743025921414,53.0,11.558041430998928,e1418bc4727f3a3aba4da09990d25269f92c9a2ffb268e2cd44ab8bff14f4c7f
experiments/data/openeo_strait/2026-03_openEO_2026-03-12Z.tif,2026-03-12,2026-03,237871192,1788933008041570912,True,,A-171-ASCENDING,catalogue_unique_track_not_asset_provenance,aabf410941608f0bc4f112d0ce4634e9c9ac4141185b2d76147b758e6a6e492a,0.4355605016239322,535.6443,233.3055,insufficient_valid_water,,,,,,
experiments/data/openeo_strait/2026-03_openEO_2026-03-19Z.tif,2026-03-19,2026-03,119201394,1788933061120466220,True,,A-98-ASCENDING,catalogue_unique_track_not_asset_provenance,aabf410941608f0bc4f112d0ce4634e9c9ac4141185b2d76147b758e6a6e492a,0.8563688626948891,535.6443,458.7091,accepted,-14.464902877807617,161.0,35.098497064915435,54.0,11.772166717425053,ee704e22419076dcccc1fea29b63a8b34e8dbd61b0ec598a8e926940cf33dd00
experiments/data/openeo_strait/2026-03_openEO_2026-03-24Z.tif,2026-03-24,2026-03,290104172,1788933165238706049,True,,A-171-ASCENDING,catalogue_unique_track_not_asset_provenance,aabf410941608f0bc4f112d0ce4634e9c9ac4141185b2d76147b758e6a6e492a,0.8384804990924014,535.6443,449.1273,accepted,-20.480541229248047,211.0,46.97999876649671,77.0,17.144359739432453,eab67228c51ee1ea5c7c1a3b9847af2b3ddad6bb9c61635720845671c494a810
experiments/data/openeo_strait/2026-03_openEO_2026-03-25Z.tif,2026-03-25,2026-03,308535431,1788933260440497144,True,,A-18-DESCENDING,catalogue_unique_track_not_asset_provenance,aabf410941608f0bc4f112d0ce4634e9c9ac4141185b2d76147b758e6a6e492a,0.9999152422605823,535.6443,535.5989,accepted,-19.055431365966797,212.0,39.58185873794737,71.0,13.25618853959558,ed558dea0768901e302a3e8d1a875bb34835baa652cfad0979e9a8880dae138f
experiments/data/openeo_strait/2026-03_openEO_2026-03-31Z.tif,2026-03-31,2026-03,118328852,1788933293325155849,True,,A-98-ASCENDING,catalogue_unique_track_not_asset_provenance,aabf410941608f0bc4f112d0ce4634e9c9ac4141185b2d76147b758e6a6e492a,0.8530907544428271,535.6443,456.9532,accepted,-15.686607360839844,211.0,46.17540702198825,66.0,14.443492243844666,16d4043d6009745444f89ad2001a159901c1f8656a97555775cf67e5f30d5264
experiments/data/openeo_strait/2026-04_openEO_2026-04-05Z.tif,2026-04-05,2026-04,288548843,1788934164077132973,True,,A-171-ASCENDING,catalogue_unique_track_not_asset_provenance,aabf410941608f0bc4f112d0ce4634e9c9ac4141185b2d76147b758e6a6e492a,0.8363742505987649,535.6443,447.9991,accepted,-22.470624923706055,140.0,31.250062779143978,58.0,12.946454579931077,09c0be586e2871212aa77d73bb8dd11139b03c1d2d2b4a739e7379b46a602524
experiments/data/openeo_strait/2026-04_openEO_2026-04-12Z.tif,2026-04-12,2026-04,117099926,1788934194972252886,True,,A-98-ASCENDING,catalogue_unique_track_not_asset_provenance,aabf410941608f0bc4f112d0ce4634e9c9ac4141185b2d76147b758e6a6e492a,0.7873999592640116,535.6443,421.7663,insufficient_valid_water,,,,,,
experiments/data/openeo_strait/2026-04_openEO_2026-04-17Z.tif,2026-04-17,2026-04,288381050,1788934292116663265,True,,A-171-ASCENDING,catalogue_unique_track_not_asset_provenance,aabf410941608f0bc4f112d0ce4634e9c9ac4141185b2d76147b758e6a6e492a,0.8344033531207183,535.6443,446.9434,accepted,-22.235057830810547,159.0,35.574974370356514,74.0,16.556906310731964,41f60605952c42268dd4be6b958a4028ddf8535e8d666c693391ece6e6ed9145
experiments/data/openeo_strait/2026-04_openEO_2026-04-18Z.tif,2026-04-18,2026-04,308479448,1788934382896086447,True,,A-18-DESCENDING,catalogue_unique_track_not_asset_provenance,aabf410941608f0bc4f112d0ce4634e9c9ac4141185b2d76147b758e6a6e492a,0.9975636817193798,535.6443,534.3393,accepted,-22.076278686523438,100.0,18.714700565726684,37.0,6.924439209318874,0163bf2f8a4a7fefde6ff22974deaa52697861b41dd6b722df1eae1b3e1906b9
experiments/data/openeo_strait/2026-04_openEO_2026-04-24Z.tif,2026-04-24,2026-04,118948917,1788934418894263425,True,,A-98-ASCENDING,catalogue_unique_track_not_asset_provenance,aabf410941608f0bc4f112d0ce4634e9c9ac4141185b2d76147b758e6a6e492a,0.8576198794610528,535.6443,459.3792,accepted,-14.75454330444336,156.0,33.958873192343056,57.0,12.408049820279194,de1febafe10deab354f3953c5c5afa40e4a73d43e20ddb8afadda208dde37fc5
experiments/data/openeo_strait/2026-04_openEO_2026-04-29Z.tif,2026-04-29,2026-04,288427241,1788934491665635134,True,,A-171-ASCENDING,catalogue_unique_track_not_asset_provenance,aabf410941608f0bc4f112d0ce4634e9c9ac4141185b2d76147b758e6a6e492a,0.8371641404566426,535.6443,448.4222,accepted,-22.796180725097656,135.0,30.105556772166945,61.0,13.603251578534694,bcb7b45f0041d349c0a3f213181e07fee3d30acad515ebd1bcbfec22c7658dbe
experiments/data/openeo_strait/2026-04_openEO_2026-04-30Z.tif,2026-04-30,2026-04,308034766,1788934582474121990,True,,A-18-DESCENDING,catalogue_unique_track_not_asset_provenance,aabf410941608f0bc4f112d0ce4634e9c9ac4141185b2d76147b758e6a6e492a,0.9991507423863187,535.6443,535.1894,accepted,-20.473995208740234,130.0,24.290466141519246,47.0,8.781937758856959,5afa472a48b2d904f7c5d76380a671b22ac0f1d932ab914669985aa76c2bb0d9
experiments/data/openeo_strait/2026-05_openEO_2026-05-06Z.tif,2026-05-06,2026-05,118337389,1788935540754408940,True,,A-98-ASCENDING,catalogue_unique_track_not_asset_provenance,aabf410941608f0bc4f112d0ce4634e9c9ac4141185b2d76147b758e6a6e492a,0.843892672805442,535.6443,452.0263,accepted,-21.556127548217773,35.0,7.742912303996471,13.0,2.8759388557701175,b2ff28556596530d2c4e2b3b16d0b0d0b4164f356ebe6d9567e9cc6ba8065bee
experiments/data/openeo_strait/2026-05_openEO_2026-05-11Z.tif,2026-05-11,2026-05,288025795,1788935631131073628,True,,A-171-ASCENDING,catalogue_unique_track_not_asset_provenance,aabf410941608f0bc4f112d0ce4634e9c9ac4141185b2d76147b758e6a6e492a,0.8185939811176932,535.6443,438.4752,accepted,-25.354475021362305,108.0,24.630811503136325,36.0,8.210270501045441,9cbbf0ce9ac2d44d6c11e313a51ca52a1e17114f3e106309c64e5ecee7dafd21
experiments/data/openeo_strait/2026-05_openEO_2026-05-18Z.tif,2026-05-18,2026-05,118431317,1788935669088351387,True,,A-98-ASCENDING,catalogue_unique_track_not_asset_provenance,aabf410941608f0bc4f112d0ce4634e9c9ac4141185b2d76147b758e6a6e492a,0.8519978650010838,535.6443,456.3678,accepted,-19.056377410888672,76.0,16.653234518298618,27.0,5.916280684132404,37f30d48745b1872b0740a73e63c1d5ab9e05fb95bb4fff7b3af5142e67e458e
experiments/data/openeo_strait/2026-05_openEO_2026-05-23Z.tif,2026-05-23,2026-05,273157178,1788935746320914312,True,,A-171-ASCENDING,catalogue_unique_track_not_asset_provenance,aabf410941608f0bc4f112d0ce4634e9c9ac4141185b2d76147b758e6a6e492a,0.8377789141040052,535.6443,448.7515,accepted,-23.38052749633789,143.0,31.866188748115604,68.0,15.153152691411615,c0feb2a059b4dbfa7339d7e8055689dd5eac68a3bcd72d38e89b22012c606099
experiments/data/openeo_strait/2026-05_openEO_2026-05-30Z.tif,2026-05-30,2026-05,118479209,1788935778208145931,True,,A-98-ASCENDING,catalogue_unique_track_not_asset_provenance,aabf410941608f0bc4f112d0ce4634e9c9ac4141185b2d76147b758e6a6e492a,0.8548449036048736,535.6443,457.8928,accepted,-18.58919906616211,114.0,24.8966570341355,35.0,7.643710492936337,6a0de22b2898b85c79f76932d7ddc080039327a2213978eff5e243bc6f611b4e
experiments/data/openeo_strait/2026-06_openEO_2026-06-04Z.tif,2026-06-04,2026-06,289883956,1788936816293270261,True,,A-171-ASCENDING,catalogue_unique_track_not_asset_provenance,aabf410941608f0bc4f112d0ce4634e9c9ac4141185b2d76147b758e6a6e492a,0.838432332799957,535.6443,449.1015,accepted,-22.03955078125,189.0,42.08402777545833,75.0,16.700011022007274,a1f25f0852a0b60537b574713b9482487af1d7dc1d6af84f15e4e791778a68ec
experiments/data/openeo_strait/2026-06_openEO_2026-06-05Z.tif,2026-06-05,2026-06,227494093,1788936876753446912,True,,A-18-DESCENDING,catalogue_unique_track_not_asset_provenance,aabf410941608f0bc4f112d0ce4634e9c9ac4141185b2d76147b758e6a6e492a,0.9999718096505461,535.6443,535.6292,accepted,-19.4719295501709,186.0,34.725515337849394,66.0,12.321957055365914,4e71ee7af7a172d2782502483faee14535a051bd5579bf334f0f7e6b713fd4df
experiments/data/openeo_strait/2026-06_openEO_2026-06-11Z.tif,2026-06-11,2026-06,118847520,1788936942552666545,True,,A-98-ASCENDING,catalogue_unique_track_not_asset_provenance,aabf410941608f0bc4f112d0ce4634e9c9ac4141185b2d76147b758e6a6e492a,0.8456499957154403,535.6443,452.9676,accepted,-21.867712020874023,41.0,9.051420013263641,16.0,3.5322614685906895,1154395cc4bd3e2a981de8480390cd28e5b277b5eba585a4873b2eb60b5eef85
experiments/data/openeo_strait/2026-06_openEO_2026-06-16Z.tif,2026-06-16,2026-06,287916187,1788937061727126343,True,,A-171-ASCENDING,catalogue_unique_track_not_asset_provenance,aabf410941608f0bc4f112d0ce4634e9c9ac4141185b2d76147b758e6a6e492a,0.8354211927579552,535.6443,447.4886,accepted,-22.60657501220703,180.0,40.224488400374895,65.0,14.525509700135379,3ffe10818a7742ad41f03ede548f7f4267d0b38abd1f0b3155594a5896348a94
experiments/data/openeo_strait/2026-06_openEO_2026-06-17Z.tif,2026-06-17,2026-06,227689289,1788937207746777748,True,,A-18-DESCENDING,catalogue_unique_track_not_asset_provenance,aabf410941608f0bc4f112d0ce4634e9c9ac4141185b2d76147b758e6a6e492a,0.9997457267817468,535.6443,535.5081,accepted,-20.456979751586914,191.0,35.66706087172164,60.0,11.204312315724076,64454ff9186990b104ffe9988fc5fc6fac48dc0fc6ef834939195a92229f8b41
experiments/data/openeo_strait/2026-06_openEO_2026-06-23Z.tif,2026-06-23,2026-06,118847083,1788937254826004594,True,,A-98-ASCENDING,catalogue_unique_track_not_asset_provenance,aabf410941608f0bc4f112d0ce4634e9c9ac4141185b2d76147b758e6a6e492a,0.8551682525138418,535.6443,458.066,accepted,-16.450824737548828,136.0,29.69004466605249,60.0,13.098549117376098,f886fc28d97b24360972cd83f9a0be3b47150cdd93298c04e60f1bd794be2b19
experiments/data/openeo_strait/2026-06_openEO_2026-06-24Z.tif,2026-06-24,2026-06,291467294,1788937406475779853,True,,D-18-DESCENDING,catalogue_unique_track_not_asset_provenance,aabf410941608f0bc4f112d0ce4634e9c9ac4141185b2d76147b758e6a6e492a,0.9999970129431042,535.6443,535.6427,accepted,-19.037363052368164,185.0,34.53794852426814,67.0,12.508338114194405,4cb0227ddca84290e79cbd85e750cc460946180268e6607b14e954626bf90c3e
experiments/data/openeo_strait/2026-06_openEO_2026-06-28Z.tif,2026-06-28,2026-06,287994318,1788937527560438595,True,,A-171-ASCENDING,catalogue_unique_track_not_asset_provenance,aabf410941608f0bc4f112d0ce4634e9c9ac4141185b2d76147b758e6a6e492a,0.8339011541801155,535.6443,446.6744,accepted,-23.171369552612305,133.0,29.775603885067063,62.0,13.88035669830194,e2d7354658dc75e6be96058f40d3f5633c6c01a8a6095faf60f7c65b7f3473b6
experiments/data/openeo_strait/2026-06_openEO_2026-06-30Z.tif,2026-06-30,2026-06,119247407,1788937569242671986,True,,D-99-ASCENDING,catalogue_unique_track_not_asset_provenance,aabf410941608f0bc4f112d0ce4634e9c9ac4141185b2d76147b758e6a6e492a,0.8556641039585411,535.6443,458.3316,accepted,-16.525562286376953,160.0,34.9092229294249,60.0,13.090958598534336,437c43d50daf642eb64a14de2404d50fcc5a0a78a3f83184b231a3b4d68b0e1e
experiments/data/openeo_strait/2026-07_openEO_2026-07-05Z.tif,2026-07-05,2026-07,288808753,1788938298995082355,True,,D-171-ASCENDING,catalogue_unique_track_not_asset_provenance,aabf410941608f0bc4f112d0ce4634e9c9ac4141185b2d76147b758e6a6e492a,0.8346774155909061,535.6443,447.0902,accepted,-24.703771591186523,119.0,26.616552990872982,67.0,14.985790339399074,b5b9b18d00165d864832918dde9e53fe5ff409efdc6343bbe3405bfdbcc5501a
experiments/data/openeo_strait/2026-07_openEO_2026-07-06Z.tif,2026-07-06,2026-07,308134246,1788938393545679649,True,,D-18-DESCENDING,catalogue_unique_track_not_asset_provenance,aabf410941608f0bc4f112d0ce4634e9c9ac4141185b2d76147b758e6a6e492a,0.9999813308944013,535.6443,535.6343,accepted,-20.293100357055664,206.0,38.45907552970375,79.0,14.748868771099982,82370d8c6b7cd2d3e97453c2eecefe93a7dc7a5fa832f0bce8caf6d497666990
experiments/data/openeo_strait/2026-07_openEO_2026-07-12Z.tif,2026-07-12,2026-07,119291622,1788938454026063346,True,,D-99-ASCENDING,catalogue_unique_track_not_asset_provenance,aabf410941608f0bc4f112d0ce4634e9c9ac4141185b2d76147b758e6a6e492a,0.8557623034539898,535.6443,458.3842,accepted,-15.913862228393555,148.0,32.28732578478927,61.0,13.307614005892873,d2667bea9e5ae2da4607f6cc30a2ca3c7603d7d12212ab36ff56bb4f07683532
experiments/data/openeo_strait/2026-07_openEO_2026-07-17Z.tif,2026-07-17,2026-07,287783372,1788938571976814698,True,,D-171-ASCENDING,catalogue_unique_track_not_asset_provenance,aabf410941608f0bc4f112d0ce4634e9c9ac4141185b2d76147b758e6a6e492a,0.8390721230488217,535.6443,449.4442,accepted,-23.286623001098633,164.0,36.489513047448376,73.0,16.24228324673007,687a28b6c588448d431f7183abfcd44bdd914cd566ac2236ab5dcc3e0ef9e04c
experiments/data/openeo_strait/2026-07_openEO_2026-07-18Z.tif,2026-07-18,2026-07,308333830,1788938690198571157,True,,D-18-DESCENDING,catalogue_unique_track_not_asset_provenance,aabf410941608f0bc4f112d0ce4634e9c9ac4141185b2d76147b758e6a6e492a,0.9999943992683205,535.6443,535.6413,accepted,-19.104843139648438,178.0,33.23119408454874,74.0,13.815215518295545,1f6a5564fba236c732e556f15fed960a74e861c3e1c001025c290da3e6e8a37d
experiments/data/openeo_strait/2026-07_openEO_2026-07-24Z.tif,2026-07-24,2026-07,120582136,1788938735861864093,True,,D-99-ASCENDING,catalogue_unique_track_not_asset_provenance,aabf410941608f0bc4f112d0ce4634e9c9ac4141185b2d76147b758e6a6e492a,0.8571188006667858,535.6443,459.1108,accepted,-15.045799255371094,128.0,27.879980170364107,62.0,13.504365395020113,6c8dda089fef4cbc017bfed2831c0da545a1dd054cc63a46ea5e6898b2f3738a
experiments/data/openeo_strait/2026-07_openEO_2026-07-29Z.tif,2026-07-29,2026-07,286592044,1788938828831319030,True,,D-171-ASCENDING,catalogue_unique_track_not_asset_provenance,aabf410941608f0bc4f112d0ce4634e9c9ac4141185b2d76147b758e6a6e492a,0.8404678253833747,535.6443,450.1918,accepted,-22.08268165588379,195.0,43.314871572516424,78.0,17.32594862900657,dcf4de31cd85f823b78f0618228c5243070391b916d734aa472409c9e5b1427b
experiments/data/openeo_strait/2026-08_openEO_2026-08-05Z.tif,2026-08-05,2026-08,119706437,1788939579187823017,True,,D-99-ASCENDING,catalogue_unique_track_not_asset_provenance,aabf410941608f0bc4f112d0ce4634e9c9ac4141185b2d76147b758e6a6e492a,0.8538701896015696,535.6443,457.3707,accepted,-15.37887191772461,146.0,31.921590079994193,51.0,11.15069242520345,66bdf40becb7cf204e0088ff36f4a8e935dbedb4744e083b862118f3e0fcbe22
experiments/data/openeo_strait/2026-08_openEO_2026-08-10Z.tif,2026-08-10,2026-08,286386345,1788939663728232640,True,,D-171-ASCENDING,catalogue_unique_track_not_asset_provenance,aabf410941608f0bc4f112d0ce4634e9c9ac4141185b2d76147b758e6a6e492a,0.8387756576519156,535.6443,449.2854,accepted,-22.364646911621094,155.0,34.499229220446516,73.0,16.24802408446836,8f8665f45392d2f8c329358ef962258fc27364fd94e16759370b228569808284
experiments/data/openeo_strait/2026-08_openEO_2026-08-11Z.tif,2026-08-11,2026-08,309146625,1788939769992766052,True,,D-18-DESCENDING,catalogue_unique_track_not_asset_provenance,aabf410941608f0bc4f112d0ce4634e9c9ac4141185b2d76147b758e6a6e492a,1.0,535.6443,535.6443,accepted,-17.510868072509766,214.0,39.95188598105123,81.0,15.121975534883875,857b5c8dead55f874bf8fda1cf38307cef7a89873b5a84c2fa5508c24aad216d
experiments/data/openeo_strait/2026-08_openEO_2026-08-17Z.tif,2026-08-17,2026-08,119368711,1788939812714985493,True,,D-99-ASCENDING,catalogue_unique_track_not_asset_provenance,aabf410941608f0bc4f112d0ce4634e9c9ac4141185b2d76147b758e6a6e492a,0.8538246369839089,535.6443,457.3463,accepted,-16.383222579956055,140.0,30.611376980638088,55.0,12.025898099536391,4e7c8f6371a2b288f04b8f20cb8da65fc89cf8a20f0613eb7f13d42d7d9378ef
experiments/data/openeo_strait/2026-08_openEO_2026-08-22Z.tif,2026-08-22,2026-08,286168041,1788939897786429768,True,,D-171-ASCENDING,catalogue_unique_track_not_asset_provenance,aabf410941608f0bc4f112d0ce4634e9c9ac4141185b2d76147b758e6a6e492a,0.8398607060693075,535.6443,449.8666,accepted,-21.91471290588379,151.0,33.5655058632937,80.0,17.78304946399666,0e6510a24b63eaa03395ab7164d3e44098b4fd4422820178abfdb038a2749022
experiments/data/openeo_strait/2026-08_openEO_2026-08-23Z.tif,2026-08-23,2026-08,307847362,1788939976892850537,True,,D-18-DESCENDING,catalogue_unique_track_not_asset_provenance,aabf410941608f0bc4f112d0ce4634e9c9ac4141185b2d76147b758e6a6e492a,1.0,535.6443,535.6443,accepted,-18.439767837524414,197.0,36.77813802928548,78.0,14.561902366925214,0c38339f8ef823d33e51742f18d6785f03503a7724e4be8d535677d198c316c3
experiments/data/openeo_strait/2026-08_openEO_2026-08-29Z.tif,2026-08-29,2026-08,118667478,1788940019512079893,True,,D-99-ASCENDING,catalogue_unique_track_not_asset_provenance,aabf410941608f0bc4f112d0ce4634e9c9ac4141185b2d76147b758e6a6e492a,0.8543217952660003,535.6443,457.6126,accepted,-15.775623321533203,127.0,27.752732332982088,53.0,11.581848926362605,97fcdbd12233a5c720ed93beecd7b34b9cc7ee2662dcc4c60c75497dfc6f9df5
